timestamp,well_id,spm,stroke_m,vfd_hz,motor_load_pct,motor_kw,pprl_kn,mprl_kn,whp_kpa,tubing_temp_c,oil_rate_m3d,liquid_rate_m3d,water_cut,visc_cp,fillage_pct
2026-09-21T08:13:20Z,BGW-01,1.703,2.702,8.494,11.58,3.547,46.251,22.639,311.225,99.397,,21.062,45.83,58.971,100.0
2026-09-21T08:16:20Z,BGW-01,1.715,2.708,8.454,11.593,3.439,46.805,22.584,322.564,99.353,11.41,21.062,45.83,58.976,100.0
2026-09-21T08:19:20Z,BGW-01,1.697,2.699,8.491,11.67,3.398,45.935,22.867,314.329,99.403,11.324,20.902,45.82,58.98,99.242
2026-09-21T08:22:20Z,BGW-01,1.707,2.706,8.492,11.736,3.409,46.974,22.033,319.672,98.869,11.289,20.838,45.82,58.985,98.937
2026-09-21T08:25:20Z,BGW-01,1.702,2.713,8.489,11.791,3.574,47.478,22.505,301.951,98.489,10.568,19.507,45.82,58.989,92.62
2026-09-21T08:28:20Z,BGW-01,1.694,2.719,8.497,11.455,3.578,46.312,22.501,311.265,99.213,11.411,21.062,45.82,58.994,100.0
2026-09-21T08:31:20Z,BGW-01,1.694,2.697,8.508,11.235,3.556,45.744,21.81,326.038,98.179,11.411,21.062,45.82,58.998,100.0
2026-09-21T08:34:20Z,BGW-01,1.703,2.702,8.525,11.548,9999.0,46.281,22.562,303.314,99.723,10.728,19.8,45.82,59.003,94.009
2026-09-21T08:37:20Z,BGW-01,1.7,2.694,8.486,11.345,3.397,47.31,22.337,329.887,99.277,11.411,21.062,45.82,59.007,100.0
2026-09-21T08:40:20Z,BGW-01,1.708,2.706,8.509,11.583,3.367,46.679,22.636,321.303,99.31,11.411,21.062,45.82,59.012,100.0
2026-09-21T08:43:20Z,BGW-01,1.692,2.695,8.484,11.47,3.571,46.81,22.207,313.188,98.88,11.23,20.727,45.82,59.016,98.412
2026-09-21T08:46:20Z,BGW-01,1.708,2.703,8.509,11.465,3.355,46.794,22.606,310.117,98.905,10.652,19.659,45.82,59.021,93.342
2026-09-21T08:49:20Z,BGW-01,1.69,2.705,8.498,12.025,3.484,47.138,22.124,325.489,99.525,10.908,20.131,45.82,59.025,95.584
2026-09-21T08:52:20Z,BGW-01,1.705,2.711,8.486,11.505,3.676,46.257,21.484,318.471,98.366,11.412,21.062,45.82,59.03,100.0
2026-09-21T08:55:20Z,BGW-01,1.687,2.709,8.492,11.869,3.453,47.105,21.762,312.086,99.079,11.412,21.062,45.81,59.034,100.0
2026-09-21T08:58:20Z,BGW-01,1.709,2.714,8.497,10.963,3.549,47.279,21.567,317.99,98.644,,21.062,45.81,59.039,100.0
2026-09-21T09:01:20Z,BGW-01,1.706,2.694,8.495,11.675,3.496,46.77,22.873,312.506,99.217,,20.035,45.81,59.043,95.125
2026-09-21T09:04:20Z,BGW-01,1.7,2.68,8.49,11.631,3.533,46.909,22.236,319.936,99.623,11.356,20.956,45.81,,99.499
2026-09-21T09:07:20Z,BGW-01,1.697,2.687,8.508,11.555,3.535,47.403,22.188,324.315,98.831,10.991,20.284,45.81,59.053,96.306
2026-09-21T09:10:20Z,BGW-01,1.698,2.697,8.52,11.549,3.488,46.085,22.14,313.176,99.325,11.159,20.593,45.81,59.057,97.774
2026-09-21T09:13:20Z,BGW-01,1.703,2.704,8.528,11.713,3.603,46.682,22.296,301.429,98.449,10.665,19.68,45.81,59.062,93.439
2026-09-21T09:16:20Z,BGW-01,1.717,2.709,8.509,11.424,3.467,46.308,22.84,321.707,98.842,11.414,21.062,45.81,,100.0
2026-09-21T09:19:20Z,BGW-01,1.701,2.699,8.517,11.722,3.416,46.464,22.81,323.382,99.059,11.414,21.062,45.81,59.071,100.0
2026-09-21T09:22:20Z,BGW-01,1.7,2.694,8.493,11.474,3.538,46.676,22.285,326.701,99.81,11.414,21.062,45.81,59.075,100.0
2026-09-21T09:25:20Z,BGW-01,1.708,2.694,8.528,11.885,3.624,46.062,22.247,327.711,98.485,11.218,20.7,45.81,59.08,98.285
2026-09-21T09:28:20Z,BGW-01,1.71,2.696,8.479,11.577,3.551,46.43,22.854,310.648,98.911,11.414,21.062,45.81,59.084,100.0
2026-09-21T09:31:20Z,BGW-01,1.697,2.697,8.486,11.474,3.402,47.407,22.03,319.163,98.364,11.414,21.062,45.8,59.089,100.0
2026-09-21T09:34:20Z,BGW-01,1.704,2.701,8.508,11.285,3.533,47.034,21.973,325.495,99.686,11.415,21.062,45.8,59.093,100.0
2026-09-21T09:37:20Z,BGW-01,1.716,2.703,8.517,11.712,3.468,47.156,23.217,320.865,99.071,11.415,21.062,45.8,59.098,100.0
2026-09-21T09:40:20Z,BGW-01,1.697,2.704,8.507,11.909,3.572,46.281,22.373,321.849,98.592,11.415,21.062,45.8,59.103,100.0
2026-09-21T09:43:20Z,BGW-01,1.694,2.688,8.501,11.649,3.559,46.609,22.252,316.471,98.876,11.415,21.062,45.8,59.107,100.0
2026-09-21T09:46:20Z,BGW-01,1.705,2.713,8.485,11.534,3.481,47.075,22.498,310.411,98.358,10.761,19.855,45.8,59.112,94.271
2026-09-21T09:49:20Z,BGW-01,1.692,2.705,8.506,11.705,3.444,47.512,22.995,321.094,99.259,11.415,21.062,45.8,59.116,100.0
2026-09-21T09:52:20Z,BGW-01,1.698,2.704,8.507,11.333,3.512,46.723,21.957,326.469,98.931,11.416,21.062,45.8,59.121,100.0
2026-09-21T09:55:20Z,BGW-01,1.703,2.706,8.497,11.809,3.481,46.477,22.1,316.097,99.149,11.416,21.062,45.8,59.125,100.0
2026-09-21T09:58:20Z,BGW-01,1.706,2.696,8.488,11.727,3.415,46.527,22.151,318.372,99.131,11.115,20.507,45.8,59.13,97.366
2026-09-21T10:01:20Z,BGW-01,1.698,2.678,8.479,11.64,3.386,47.185,22.382,323.084,98.946,11.416,21.062,45.8,59.134,100.0
2026-09-21T10:04:20Z,BGW-01,1.698,2.709,8.516,11.37,3.398,46.431,21.547,312.668,99.049,11.416,21.062,45.8,59.139,100.0
2026-09-21T10:07:20Z,BGW-01,1.708,2.712,8.488,11.888,3.409,47.301,23.023,322.323,99.627,11.417,21.062,45.79,59.144,100.0
2026-09-21T10:10:20Z,BGW-01,1.693,2.712,8.491,11.822,3.477,46.629,22.386,315.972,99.97,11.417,21.062,45.79,59.148,100.0
2026-09-21T10:13:20Z,BGW-01,1.691,2.702,8.471,11.623,3.405,46.472,23.059,327.135,98.381,,21.062,45.79,59.153,100.0
2026-09-21T10:16:20Z,BGW-01,1.69,2.704,8.524,11.796,3.561,46.791,23.108,324.003,99.09,11.417,21.062,45.79,59.157,100.0
2026-09-21T10:19:20Z,BGW-01,1.693,2.703,8.515,11.594,3.491,46.966,22.158,324.2,98.826,11.417,21.062,45.79,59.162,100.0
2026-09-21T10:22:20Z,BGW-01,1.691,2.719,8.509,11.735,3.397,46.826,21.956,318.933,98.816,11.417,21.062,45.79,,100.0
2026-09-21T10:25:20Z,BGW-01,1.698,2.709,8.495,11.762,3.488,46.84,22.072,324.29,98.84,10.819,19.957,45.79,59.171,94.757
2026-09-21T10:28:20Z,BGW-01,1.71,2.694,8.516,11.898,3.525,47.272,22.348,321.484,99.182,10.859,20.03,45.79,59.175,95.102
2026-09-21T10:31:20Z,BGW-01,1.707,2.69,8.49,11.422,3.464,46.742,22.208,332.38,98.946,11.418,21.062,45.79,59.18,100.0
2026-09-21T10:34:20Z,BGW-01,1.713,2.694,8.502,11.671,3.413,45.975,22.39,318.626,99.308,11.374,20.98,45.79,59.185,99.614
2026-09-21T10:37:20Z,BGW-01,1.707,2.702,8.528,11.23,3.552,46.325,23.248,310.824,99.64,11.418,21.062,45.79,59.189,100.0
2026-09-21T10:40:20Z,BGW-01,1.699,2.711,8.517,11.269,3.492,46.618,21.984,320.307,98.621,11.418,21.062,45.79,59.194,100.0
2026-09-21T10:43:20Z,BGW-01,1.692,2.699,8.517,11.041,3.409,46.741,22.522,323.975,99.166,,21.062,45.78,59.198,100.0
2026-09-21T10:46:20Z,BGW-01,1.709,2.702,8.487,11.498,3.684,47.019,21.955,320.149,98.687,11.047,20.376,45.78,59.203,96.747
2026-09-21T10:49:20Z,BGW-01,1.709,2.693,8.495,11.61,3.473,47.274,21.975,320.915,98.926,11.419,21.062,45.78,59.207,100.0
2026-09-21T10:52:20Z,BGW-01,1.696,2.691,8.483,11.532,3.446,47.196,22.779,321.761,99.242,11.419,21.062,45.78,59.212,100.0
2026-09-21T10:55:20Z,BGW-01,1.699,2.693,8.465,11.757,3.384,47.336,21.978,321.199,99.478,11.419,21.062,45.78,59.216,100.0
2026-09-21T10:58:20Z,BGW-01,1.701,2.694,8.494,11.534,3.399,47.319,21.388,303.311,99.373,11.298,20.838,45.78,59.221,98.937
2026-09-21T11:01:20Z,BGW-01,1.711,2.694,8.49,11.797,3.489,47.273,21.094,312.032,99.224,11.42,21.062,45.78,59.226,100.0
2026-09-21T11:04:20Z,BGW-01,1.716,2.696,8.491,11.32,3.498,46.609,22.436,325.762,99.296,11.42,21.062,45.78,59.23,100.0
2026-09-21T11:07:20Z,BGW-01,1.697,2.696,8.465,11.503,3.484,47.25,22.517,308.377,99.204,10.593,19.537,45.78,59.235,92.76
2026-09-21T11:10:20Z,BGW-01,1.706,2.702,8.469,11.985,3.369,46.904,21.336,319.448,98.661,11.42,21.062,45.78,59.239,100.0
2026-09-21T11:13:20Z,BGW-01,1.699,2.7,8.486,11.126,3.507,47.032,21.646,323.38,98.65,11.351,20.934,45.78,59.244,99.392
2026-09-21T11:16:20Z,BGW-01,1.708,2.7,8.522,11.654,3.478,46.692,22.499,319.096,99.081,10.71,19.752,45.78,59.248,93.78
2026-09-21T11:19:20Z,BGW-01,1.703,2.707,8.505,11.492,3.453,47.025,22.571,323.205,99.576,,21.062,45.77,59.253,100.0
2026-09-21T11:22:20Z,BGW-01,1.686,2.691,8.501,11.532,3.501,46.887,22.109,315.246,98.813,11.369,20.965,45.77,59.258,99.543
2026-09-21T11:25:20Z,BGW-01,1.709,2.696,8.525,11.509,3.285,46.581,22.009,321.86,99.017,11.274,20.791,45.77,59.262,98.714
2026-09-21T11:28:20Z,BGW-01,1.689,2.698,8.494,11.721,3.478,46.657,23.366,328.732,99.255,11.421,21.062,45.77,,100.0
2026-09-21T11:31:20Z,BGW-01,1.696,2.686,8.503,11.516,3.485,47.168,21.844,316.599,99.052,11.208,20.667,45.77,59.271,98.127
2026-09-21T11:34:20Z,BGW-01,1.702,2.688,8.483,11.916,3.55,46.747,21.858,312.032,99.214,11.422,21.062,45.77,59.276,100.0
2026-09-21T11:37:20Z,BGW-01,1.703,2.7,8.556,11.762,3.403,46.322,22.771,318.3,99.272,10.629,19.599,45.77,59.28,93.056
2026-09-21T11:40:20Z,BGW-01,1.697,2.692,8.481,11.586,3.482,47.419,22.14,314.205,99.455,11.279,20.798,45.77,59.285,98.749
2026-09-21T11:43:20Z,BGW-01,1.707,2.684,8.498,11.717,3.423,47.122,23.01,318.673,98.727,11.422,21.062,45.77,59.29,100.0
2026-09-21T11:46:20Z,BGW-01,1.696,2.718,8.451,11.734,3.413,46.736,22.378,331.674,98.712,11.422,21.062,45.77,59.294,100.0
2026-09-21T11:49:20Z,BGW-01,1.694,2.702,8.512,11.707,3.535,46.778,22.137,314.981,98.405,11.422,21.062,45.77,59.299,100.0
2026-09-21T11:52:20Z,BGW-01,1.686,2.704,8.506,11.598,3.415,46.343,22.237,318.239,99.184,11.334,20.897,45.77,59.303,99.22
2026-09-21T11:55:20Z,BGW-01,1.706,2.706,8.513,11.409,3.44,47.314,22.389,321.821,99.243,11.015,20.31,45.76,59.308,96.432
2026-09-21T11:58:20Z,BGW-01,1.701,2.697,8.494,11.729,3.462,47.027,22.159,310.891,98.504,11.423,21.062,45.76,59.313,100.0
2026-09-21T12:01:20Z,BGW-01,1.689,2.699,8.495,11.753,3.47,47.11,21.787,319.889,99.203,11.423,21.062,45.76,59.317,100.0
2026-09-21T12:04:20Z,BGW-01,1.702,2.687,8.485,11.671,3.434,47.513,22.981,331.561,98.172,11.277,20.792,45.76,59.322,98.721
2026-09-21T12:07:20Z,BGW-01,1.699,2.696,8.5,11.494,3.603,47.235,22.274,309.799,99.172,11.292,20.819,45.76,59.326,98.847
2026-09-21T12:10:20Z,BGW-01,1.706,2.697,8.474,11.632,3.43,46.663,22.784,322.422,99.257,11.424,21.062,45.76,59.331,100.0
2026-09-21T12:13:20Z,BGW-01,1.7,2.7,8.494,11.502,3.622,46.047,22.254,308.845,98.764,,21.062,45.76,59.335,100.0
2026-09-21T12:16:20Z,BGW-01,1.694,2.702,8.511,11.603,3.593,46.551,22.196,310.353,99.09,11.424,21.062,45.76,59.34,100.0
2026-09-21T12:19:20Z,BGW-01,1.7,2.702,8.442,11.641,3.532,46.86,22.068,328.671,98.309,11.324,20.877,45.76,59.345,99.124
2026-09-21T12:22:20Z,BGW-01,1.706,2.698,8.488,11.843,3.504,47.256,22.688,309.685,99.439,10.902,20.099,45.76,59.349,95.432
2026-09-21T12:25:20Z,BGW-01,1.692,2.701,8.511,11.426,3.669,47.042,22.532,314.15,98.731,11.425,21.062,45.76,59.354,100.0
2026-09-21T12:28:20Z,BGW-01,1.7,2.704,8.495,11.675,3.495,46.984,22.47,317.72,98.95,11.425,21.062,45.76,59.358,100.0
2026-09-21T12:31:20Z,BGW-01,1.696,2.696,8.469,11.546,3.498,46.892,22.629,327.513,98.696,11.226,20.695,45.75,59.363,98.258
2026-09-21T12:34:20Z,BGW-01,1.695,2.712,8.528,11.728,3.47,47.519,22.376,320.085,98.481,11.096,20.455,45.75,59.368,97.121
2026-09-21T12:37:20Z,BGW-01,1.705,2.705,8.497,11.673,3.587,46.951,21.643,321.507,99.596,11.425,21.062,45.75,59.372,100.0
2026-09-21T12:40:20Z,BGW-01,1.698,2.688,8.486,11.461,3.455,46.457,22.904,311.622,99.373,11.177,20.604,45.75,59.377,97.828
2026-09-21T12:43:20Z,BGW-01,1.701,2.705,8.507,11.91,3.571,46.525,21.81,313.964,99.005,10.993,20.264,45.75,59.381,96.211
2026-09-21T12:46:20Z,BGW-01,1.702,2.701,8.499,11.46,3.444,46.549,21.758,-99.0,98.697,11.016,20.307,45.75,59.386,96.415
2026-09-21T12:49:20Z,BGW-01,1.705,2.678,8.498,12.017,3.378,46.701,22.763,317.659,98.938,11.31,20.849,45.75,59.391,98.988
2026-09-21T12:52:20Z,BGW-01,1.697,2.698,8.485,11.282,3.559,46.017,23.513,325.104,98.982,,21.062,45.75,59.395,100.0
2026-09-21T12:52:20Z,BGW-01,1.697,2.698,8.485,11.282,3.559,46.017,23.513,325.104,98.982,,21.062,45.75,59.395,100.0
2026-09-21T12:55:20Z,BGW-01,1.699,2.695,8.516,11.236,3.607,46.698,22.34,310.384,98.503,11.426,21.062,45.75,59.4,100.0
2026-09-21T12:58:20Z,BGW-01,1.699,2.683,8.525,11.314,3.338,46.519,21.314,315.895,99.105,11.427,21.062,45.75,59.404,100.0
2026-09-21T13:01:20Z,BGW-01,1.698,2.705,8.517,11.999,3.478,47.002,22.52,312.443,99.309,11.427,21.062,45.75,59.409,100.0
2026-09-21T13:04:20Z,BGW-01,1.698,2.684,8.487,11.702,3.52,46.775,22.096,326.722,98.707,,21.062,45.75,59.414,100.0
2026-09-21T13:07:20Z,BGW-01,1.702,2.703,8.501,11.626,3.504,46.261,21.672,315.381,99.26,11.427,21.062,45.74,59.418,100.0
2026-09-21T13:10:20Z,BGW-01,1.699,2.698,8.494,11.832,3.423,46.933,21.673,315.43,98.843,11.427,21.062,45.74,59.423,100.0
2026-09-21T13:13:20Z,BGW-01,1.684,2.692,8.534,11.86,3.448,46.305,22.389,313.981,99.549,11.427,21.062,45.74,59.427,100.0
2026-09-21T13:16:20Z,BGW-01,1.695,2.702,8.461,11.762,3.362,46.487,21.988,317.784,98.56,11.428,21.062,45.74,59.432,100.0
2026-09-21T13:19:20Z,BGW-01,1.704,2.705,8.462,11.646,3.538,46.036,22.367,326.779,99.386,11.428,21.062,45.74,59.437,100.0
2026-09-21T13:22:20Z,BGW-01,1.693,2.718,8.497,11.472,3.506,45.964,22.59,316.389,98.784,11.428,21.062,45.74,59.441,100.0
2026-09-21T13:25:20Z,BGW-01,1.695,2.702,8.497,11.662,3.637,47.18,23.064,313.572,99.178,11.428,21.062,45.74,59.446,100.0
2026-09-21T13:28:20Z,BGW-01,1.707,2.708,8.518,11.193,3.518,46.672,22.521,307.971,98.567,11.298,20.822,45.74,59.45,98.862
2026-09-21T13:31:20Z,BGW-01,1.704,2.721,8.512,11.769,3.505,46.421,22.735,325.508,99.789,11.428,21.062,45.74,59.455,100.0
2026-09-21T13:34:20Z,BGW-01,1.703,2.706,8.49,11.797,3.595,47.576,22.375,321.557,98.611,11.28,20.787,45.74,59.46,98.698
2026-09-21T13:37:20Z,BGW-01,1.696,2.685,8.524,11.996,3.574,46.444,21.669,324.281,99.35,10.946,20.172,45.74,59.464,95.776
2026-09-21T13:40:20Z,BGW-01,1.694,2.711,8.524,11.227,3.38,46.942,21.969,320.376,98.827,11.429,21.062,45.74,59.469,100.0
2026-09-21T13:43:20Z,BGW-01,1.694,2.702,8.522,11.919,3.452,46.632,21.975,320.567,98.79,11.429,21.062,45.73,59.473,100.0
2026-09-21T13:46:20Z,BGW-01,1.704,2.71,8.505,11.734,3.358,47.066,21.598,309.765,99.161,11.429,21.062,45.73,59.478,100.0
2026-09-21T13:49:20Z,BGW-01,1.705,2.702,8.522,11.618,3.525,46.708,21.637,323.345,98.71,11.017,20.301,45.73,59.483,96.39
2026-09-21T13:52:20Z,BGW-01,1.697,2.693,8.522,11.293,3.359,46.962,22.42,326.347,98.403,10.825,19.947,45.73,59.487,94.708
2026-09-21T13:55:20Z,BGW-01,1.701,2.698,8.499,11.491,3.547,46.229,23.021,308.967,98.518,11.43,21.062,45.73,59.492,100.0
2026-09-21T13:58:20Z,BGW-01,1.699,2.696,8.516,11.756,3.505,47.339,22.545,315.099,98.916,11.43,21.062,45.73,59.496,100.0
2026-09-21T14:01:20Z,BGW-01,1.7,2.708,8.499,11.199,3.403,47.413,22.242,327.064,98.667,11.43,21.062,45.73,59.501,100.0
2026-09-21T14:04:20Z,BGW-01,1.701,2.706,8.482,11.587,3.491,46.679,21.811,311.063,99.351,10.649,19.623,45.73,59.506,93.168
2026-09-21T14:07:20Z,BGW-01,1.707,2.699,8.527,11.627,3.6,46.894,22.589,317.834,98.449,11.431,21.062,45.73,59.51,100.0
2026-09-21T14:10:20Z,BGW-01,1.693,2.692,8.492,11.58,3.506,46.599,22.938,312.447,99.032,10.013,18.449,45.73,59.515,87.597
2026-09-21T08:13:20Z,BGW-04,1.601,2.7,7.969,11.295,3.397,47.403,22.969,307.284,76.061,12.266,19.823,38.12,130.921,100.0
2026-09-21T08:16:20Z,BGW-04,1.605,2.706,8.007,11.723,3.411,47.209,22.024,304.837,75.92,11.79,19.053,38.12,130.933,96.117
2026-09-21T08:19:20Z,BGW-04,1.599,2.71,8.008,11.325,3.328,48.136,21.73,308.275,75.627,12.266,19.823,38.12,130.945,100.0
2026-09-21T08:22:20Z,BGW-04,1.608,2.708,8.038,10.707,3.426,47.499,22.875,316.51,75.409,11.061,17.875,38.12,130.957,90.172
2026-09-21T08:25:20Z,BGW-04,1.593,2.697,7.988,11.132,3.351,47.982,22.349,308.644,75.505,12.267,19.823,38.12,130.969,100.0
2026-09-21T08:28:20Z,BGW-04,1.605,2.703,7.998,11.419,3.478,47.162,22.29,304.231,75.7,10.552,17.052,38.12,130.981,86.023
2026-09-21T08:31:20Z,BGW-04,1.599,2.703,7.97,10.892,3.317,47.818,22.805,318.144,75.837,11.922,19.266,38.12,130.993,97.193
2026-09-21T08:34:20Z,BGW-04,1.599,2.701,8.004,10.917,3.391,47.368,21.423,309.162,75.65,11.296,18.255,38.12,,92.089
2026-09-21T08:37:20Z,BGW-04,1.59,2.695,7.965,11.468,3.317,47.995,22.03,317.018,76.755,11.649,18.824,38.12,131.017,94.964
2026-09-21T08:40:20Z,BGW-04,1.594,2.701,8.002,10.794,3.432,46.975,22.403,321.049,75.777,12.184,19.689,38.12,131.029,99.326
2026-09-21T08:43:20Z,BGW-04,1.597,2.698,8.015,10.908,3.242,47.799,22.377,317.204,75.481,12.267,19.823,38.12,131.041,100.0
2026-09-21T08:46:20Z,BGW-04,1.6,2.705,8.025,11.764,3.407,46.498,22.104,325.841,76.125,12.267,19.823,38.12,131.053,100.0
2026-09-21T08:49:20Z,BGW-04,1.611,2.684,8.006,11.007,3.394,46.424,22.563,324.528,75.779,12.257,19.806,38.12,131.065,99.917
2026-09-21T08:49:20Z,BGW-04,1.611,2.684,8.006,11.007,3.394,46.424,22.563,324.528,75.779,12.257,19.806,38.12,131.065,99.917
2026-09-21T08:52:20Z,BGW-04,1.6,2.699,7.959,11.376,3.332,47.313,22.156,316.16,75.733,12.267,19.823,38.11,131.077,100.0
2026-09-21T08:55:20Z,BGW-04,1.606,2.699,8.018,11.19,3.364,47.969,22.29,319.865,75.202,11.117,17.964,38.11,131.089,90.621
2026-09-21T08:58:20Z,BGW-04,1.61,2.704,8.001,11.026,3.328,48.297,22.529,325.695,75.28,12.267,19.823,38.11,131.101,100.0
2026-09-21T09:01:20Z,BGW-04,1.606,2.695,8.003,11.202,9999.0,47.047,22.143,323.035,76.221,12.268,19.823,38.11,131.113,100.0
2026-09-21T09:04:20Z,BGW-04,1.596,2.703,8.003,11.038,3.425,47.786,22.321,311.788,74.665,11.386,18.397,38.11,131.125,92.809
2026-09-21T09:07:20Z,BGW-04,1.599,2.689,8.009,11.119,3.307,47.466,22.67,317.187,76.522,12.114,19.575,38.11,,98.75
2026-09-21T09:10:20Z,BGW-04,1.609,2.695,8.01,11.238,3.462,47.555,22.633,317.148,75.013,12.268,19.823,38.11,131.149,100.0
2026-09-21T09:13:20Z,BGW-04,1.602,2.71,8.0,11.769,3.353,47.277,22.824,325.805,74.712,12.268,19.823,38.11,131.161,100.0
2026-09-21T09:16:20Z,BGW-04,1.598,2.701,8.026,11.237,3.29,47.513,22.208,309.001,75.564,11.181,18.066,38.11,131.173,91.136
2026-09-21T09:19:20Z,BGW-04,1.603,2.711,7.987,11.159,3.303,47.53,22.26,310.888,74.881,12.268,19.823,38.11,131.185,100.0
2026-09-21T09:22:20Z,BGW-04,1.608,2.697,8.019,11.081,3.351,47.533,22.439,318.521,75.443,11.851,19.149,38.11,131.197,96.6
2026-09-21T09:25:20Z,BGW-04,1.589,2.698,7.981,11.305,3.359,47.554,21.748,307.437,75.013,11.78,19.035,38.11,131.209,96.024
2026-09-21T09:28:20Z,BGW-04,1.598,2.709,7.996,11.173,3.318,47.133,21.711,320.554,75.78,11.963,19.33,38.11,131.221,97.515
2026-09-21T09:31:20Z,BGW-04,1.606,2.714,7.994,11.183,3.352,47.871,22.639,318.068,76.178,12.268,19.823,38.11,131.233,100.0
2026-09-21T09:34:20Z,BGW-04,1.589,2.689,7.97,11.064,3.318,48.038,23.267,312.06,75.456,11.38,18.387,38.11,131.245,92.756
2026-09-21T09:37:20Z,BGW-04,1.591,2.695,8.024,11.147,3.317,47.204,22.216,307.246,74.909,11.486,18.558,38.11,131.257,93.62
2026-09-21T09:40:20Z,BGW-04,1.6,2.703,7.972,10.92,3.439,47.521,21.952,317.493,75.805,11.663,18.844,38.11,131.269,95.061
2026-09-21T09:43:20Z,BGW-04,1.607,2.704,8.015,11.027,3.386,47.24,21.888,315.899,75.836,12.014,19.411,38.11,,97.924
2026-09-21T09:46:20Z,BGW-04,1.593,2.69,8.007,11.033,3.332,47.288,22.96,319.535,75.63,12.269,19.823,38.11,131.293,100.0
2026-09-21T09:49:20Z,BGW-04,1.597,2.703,8.015,11.015,3.245,47.145,22.186,310.116,75.423,,18.543,38.11,131.305,93.545
2026-09-21T09:52:20Z,BGW-04,1.594,2.698,7.992,11.238,3.351,46.828,21.868,316.375,75.521,12.269,19.823,38.11,131.317,100.0
2026-09-21T09:55:20Z,BGW-04,1.6,2.701,7.993,11.315,3.385,46.648,22.564,312.315,75.422,12.236,19.768,38.11,131.329,99.726
2026-09-21T09:58:20Z,BGW-04,1.616,2.701,7.999,10.74,3.202,47.797,22.543,305.093,75.451,12.269,19.823,38.11,131.341,100.0
2026-09-21T10:01:20Z,BGW-04,1.594,2.702,7.995,11.477,3.396,47.065,22.299,323.166,75.1,12.269,19.823,38.1,131.353,100.0
2026-09-21T10:04:20Z,BGW-04,1.589,2.703,8.005,11.289,3.352,46.474,21.923,321.917,75.289,12.115,19.573,38.1,131.365,98.74
2026-09-21T10:07:20Z,BGW-04,1.593,2.702,8.014,11.247,3.407,46.7,22.987,308.486,75.254,12.269,19.823,38.1,131.377,100.0
2026-09-21T10:10:20Z,BGW-04,1.598,2.694,7.991,11.193,3.313,47.318,22.098,315.547,75.545,11.35,18.337,38.1,131.389,92.505
2026-09-21T10:13:20Z,BGW-04,1.606,2.71,8.013,11.037,3.292,46.952,22.411,308.121,75.449,10.739,17.349,38.1,131.401,87.522
2026-09-21T10:16:20Z,BGW-04,1.597,2.695,7.996,11.396,3.489,48.145,22.026,300.898,75.573,11.465,18.522,38.1,131.413,93.44
2026-09-21T10:16:20Z,BGW-04,1.597,2.695,7.996,11.396,3.489,48.145,22.026,300.898,75.573,11.465,18.522,38.1,131.413,93.44
2026-09-21T10:19:20Z,BGW-04,1.599,2.701,7.99,11.362,3.364,47.338,22.854,312.041,75.432,11.225,18.135,38.1,131.425,91.486
2026-09-21T10:22:20Z,BGW-04,1.601,2.704,7.987,11.393,3.306,47.112,22.291,314.054,75.269,12.27,19.823,38.1,131.437,100.0
2026-09-21T10:25:20Z,BGW-04,1.6,2.695,8.011,11.162,3.376,47.312,22.313,319.044,75.629,11.697,18.898,38.1,131.449,95.334
2026-09-21T10:28:20Z,BGW-04,1.597,2.718,7.993,11.025,3.305,47.987,22.615,318.492,75.826,11.734,18.957,38.1,131.461,95.633
2026-09-21T10:31:20Z,BGW-04,1.6,2.713,8.005,11.54,3.297,47.189,22.21,296.943,75.686,11.056,17.861,38.1,131.473,90.104
2026-09-21T10:34:20Z,BGW-04,1.609,2.709,8.009,11.423,3.384,47.015,22.766,311.262,75.484,,19.155,38.1,131.485,96.632
2026-09-21T10:37:20Z,BGW-04,1.608,2.701,7.997,10.712,3.312,47.534,21.827,311.862,75.604,11.738,18.962,38.1,131.497,95.659
2026-09-21T10:40:20Z,BGW-04,1.602,2.696,8.002,11.519,3.332,47.502,22.653,307.921,75.776,11.732,18.952,38.1,131.509,95.609
2026-09-21T10:43:20Z,BGW-04,1.6,2.715,7.978,11.49,3.296,47.65,22.253,322.598,75.694,12.27,19.823,38.1,131.521,100.0
2026-09-21T10:46:20Z,BGW-04,1.607,2.709,7.993,11.281,3.363,46.842,21.622,317.267,75.778,11.724,18.939,38.1,131.533,95.543
2026-09-21T10:49:20Z,BGW-04,1.59,2.696,7.997,10.856,3.247,47.312,21.678,316.702,76.302,11.657,18.831,38.1,131.545,94.996
2026-09-21T10:52:20Z,BGW-04,1.603,2.708,7.986,11.562,3.346,47.136,22.218,310.768,76.254,11.943,19.293,38.1,131.557,97.327
2026-09-21T10:55:20Z,BGW-04,1.603,2.703,8.018,10.971,3.324,47.327,21.635,313.144,76.173,11.781,19.031,38.1,131.569,96.009
2026-09-21T10:58:20Z,BGW-04,1.6,2.697,8.03,10.95,3.205,47.983,22.763,306.012,74.792,,17.285,38.1,131.582,87.199
2026-09-21T10:58:20Z,BGW-04,1.6,2.697,8.03,10.95,3.205,47.983,22.763,306.012,74.792,,17.285,38.1,131.582,87.199
2026-09-21T11:01:20Z,BGW-04,1.604,2.69,8.004,10.677,3.25,47.491,22.538,301.759,76.094,11.601,18.74,38.1,131.594,94.537
2026-09-21T11:04:20Z,BGW-04,1.602,2.705,8.014,11.518,3.201,47.437,22.146,309.736,75.17,12.271,19.823,38.1,131.606,100.0
2026-09-21T11:07:20Z,BGW-04,1.598,2.696,8.023,11.269,3.349,48.265,21.988,317.407,75.473,11.427,18.459,38.1,131.618,93.121
2026-09-21T11:10:20Z,BGW-04,1.597,2.709,7.995,11.008,3.325,47.683,22.292,315.028,75.682,11.731,18.95,38.1,131.63,95.599
2026-09-21T11:13:20Z,BGW-04,1.599,2.692,8.001,11.472,3.376,47.346,22.229,306.632,75.075,11.927,19.267,38.09,131.642,97.194
2026-09-21T11:16:20Z,BGW-04,1.588,2.692,8.001,11.066,3.356,47.116,21.816,319.511,75.818,12.23,19.756,38.09,131.654,99.665
2026-09-21T11:19:20Z,BGW-04,1.596,2.715,7.987,10.824,3.438,47.514,22.16,311.474,75.894,10.671,17.237,38.09,131.666,86.954
2026-09-21T11:22:20Z,BGW-04,1.591,2.712,7.983,11.054,3.271,46.865,21.965,310.799,75.49,11.099,17.928,38.09,131.678,90.442
2026-09-21T11:25:20Z,BGW-04,1.586,2.696,8.007,11.216,3.321,48.139,22.243,308.501,76.24,11.878,19.187,38.09,131.69,96.795
2026-09-21T11:28:20Z,BGW-04,1.597,2.701,8.02,11.018,3.308,47.308,22.309,316.894,74.846,10.837,17.505,38.09,131.702,88.31
2026-09-21T11:31:20Z,BGW-04,1.606,2.689,8.006,11.237,3.348,47.405,22.515,317.779,74.788,12.272,19.823,38.09,131.714,100.0
2026-09-21T11:34:20Z,BGW-04,1.611,2.703,7.982,11.141,3.305,47.423,21.349,308.273,75.677,11.899,19.22,38.09,131.726,96.96
2026-09-21T11:37:20Z,BGW-04,1.617,2.69,7.95,11.311,3.419,47.534,23.378,302.861,76.197,11.692,18.886,38.09,131.738,95.273
2026-09-21T11:40:20Z,BGW-04,1.601,2.713,7.971,11.521,3.402,46.808,22.288,307.249,75.329,11.709,18.914,38.09,131.751,95.415
2026-09-21T11:43:20Z,BGW-04,1.6,2.705,8.01,11.068,3.373,47.849,22.13,320.721,75.742,,19.641,38.09,131.763,99.084
2026-09-21T11:46:20Z,BGW-04,1.608,2.701,7.985,10.797,3.486,47.899,22.571,310.375,75.457,11.614,18.759,38.09,131.775,94.634
2026-09-21T11:49:20Z,BGW-04,1.592,2.68,7.99,11.226,3.384,47.082,22.504,321.074,76.065,11.507,18.587,38.09,131.787,93.767
2026-09-21T11:52:20Z,BGW-04,1.593,2.709,7.999,11.354,3.3,48.298,22.239,310.806,75.8,11.258,18.184,38.09,131.799,91.733
2026-09-21T11:55:20Z,BGW-04,1.599,2.697,7.998,11.761,3.35,47.256,22.512,308.215,75.165,12.04,19.448,38.09,131.811,98.108
2026-09-21T11:58:20Z,BGW-04,1.594,2.713,7.976,11.045,3.521,47.251,22.681,307.558,74.82,11.338,18.313,38.09,131.823,92.382
2026-09-21T12:01:20Z,BGW-04,1.601,2.695,8.004,10.936,3.303,46.945,22.818,315.507,75.648,12.273,19.823,38.09,131.835,100.0
2026-09-21T12:04:20Z,BGW-04,1.613,2.695,7.993,11.233,3.289,47.276,21.601,312.31,75.582,10.625,17.162,38.09,131.847,86.577
2026-09-21T12:07:20Z,BGW-04,1.595,2.704,7.974,11.431,3.267,47.179,22.458,306.639,75.349,12.092,19.531,38.09,131.859,98.53
2026-09-21T12:10:20Z,BGW-04,1.611,2.704,7.997,11.033,3.232,46.718,22.177,316.682,75.651,12.263,19.806,38.09,131.872,99.918
2026-09-21T12:13:20Z,BGW-04,1.592,2.676,8.017,11.516,3.444,47.405,22.773,299.274,75.286,11.104,17.934,38.09,131.884,90.475
2026-09-21T12:16:20Z,BGW-04,1.598,2.71,7.993,11.213,3.388,47.087,22.372,312.506,75.693,11.144,17.998,38.09,131.896,90.797
2026-09-21T12:19:20Z,BGW-04,1.6,2.685,8.001,11.105,3.431,47.344,22.557,315.772,75.265,12.273,19.823,38.09,131.908,100.0
2026-09-21T12:22:20Z,BGW-04,1.59,2.702,7.998,11.039,3.337,48.092,22.371,308.97,75.951,12.273,19.823,38.08,131.92,100.0
2026-09-21T12:25:20Z,BGW-04,1.598,2.705,7.974,11.441,3.366,47.669,21.858,323.276,75.87,12.212,19.724,38.08,131.932,99.502
2026-09-21T12:28:20Z,BGW-04,1.6,2.722,7.997,11.094,3.259,47.455,22.213,312.447,76.35,12.273,19.823,38.08,131.944,100.0
2026-09-21T12:31:20Z,BGW-04,1.591,2.704,8.003,10.784,9999.0,46.775,22.285,307.299,75.547,12.237,19.763,38.08,131.956,99.7
2026-09-21T12:34:20Z,BGW-04,1.605,2.704,8.021,11.287,3.419,47.014,22.038,315.687,75.632,12.274,19.823,38.08,131.968,100.0
2026-09-21T12:37:20Z,BGW-04,1.607,2.685,7.969,11.638,3.405,47.462,21.728,315.096,75.512,11.827,19.101,38.08,131.981,96.358
2026-09-21T12:40:20Z,BGW-04,1.605,2.699,8.012,11.167,3.385,47.013,22.73,312.338,75.484,12.227,19.748,38.08,131.993,99.623
2026-09-21T12:43:20Z,BGW-04,1.6,2.691,7.978,11.133,3.432,46.348,22.57,317.588,75.437,12.274,19.823,38.08,132.005,100.0
2026-09-21T12:46:20Z,BGW-04,1.597,2.696,8.002,11.05,3.392,47.609,22.525,315.129,75.346,12.274,19.823,38.08,132.017,100.0
2026-09-21T12:49:20Z,BGW-04,1.613,2.698,7.992,11.367,3.264,47.025,21.835,311.134,75.834,11.293,18.238,38.08,132.029,92.004
2026-09-21T12:52:20Z,BGW-04,1.595,2.705,8.012,11.056,3.38,48.035,21.32,317.838,75.648,10.463,16.898,38.08,132.041,85.248
2026-09-21T12:55:20Z,BGW-04,1.602,2.699,7.999,11.179,3.402,46.592,22.128,309.561,76.341,11.982,19.351,38.08,132.053,97.619
2026-09-21T12:58:20Z,BGW-04,1.598,2.697,7.987,11.142,3.312,47.335,22.305,313.109,75.936,12.274,19.823,38.08,,100.0
2026-09-21T13:01:20Z,BGW-04,1.6,2.7,8.022,11.115,3.358,46.906,22.21,321.809,75.918,12.274,19.823,38.08,132.078,100.0
2026-09-21T13:04:20Z,BGW-04,1.601,2.696,7.991,11.157,3.372,47.728,23.411,319.706,75.337,12.274,19.823,38.08,132.09,100.0
2026-09-21T13:07:20Z,BGW-04,1.604,2.694,7.982,11.142,3.293,47.278,22.403,319.192,75.91,12.274,19.823,38.08,132.102,100.0
2026-09-21T13:10:20Z,BGW-04,1.599,2.703,7.992,10.878,3.439,48.013,22.077,316.791,76.605,12.275,19.823,38.08,132.114,100.0
2026-09-21T13:13:20Z,BGW-04,1.6,2.714,7.979,11.49,3.431,48.363,22.515,312.252,75.367,12.275,19.823,38.08,132.126,100.0
2026-09-21T13:16:20Z,BGW-04,1.588,2.695,8.023,11.151,3.372,47.864,22.639,310.208,75.728,11.078,17.889,38.08,132.138,90.247
2026-09-21T13:19:20Z,BGW-04,1.588,2.703,7.987,11.441,3.328,47.493,22.217,-99.0,75.726,11.067,17.872,38.08,132.15,90.16
2026-09-21T13:22:20Z,BGW-04,1.598,2.692,8.02,11.472,3.337,48.272,21.698,-99.0,75.305,10.718,17.309,38.08,132.163,87.32
2026-09-21T13:25:20Z,BGW-04,1.596,2.703,7.993,11.093,3.418,47.349,22.815,313.091,76.103,11.135,17.981,38.08,132.175,90.709
2026-09-21T13:28:20Z,BGW-04,1.607,2.7,7.985,11.13,3.303,47.458,22.103,313.163,75.086,11.645,18.806,38.08,132.187,94.869
2026-09-21T13:31:20Z,BGW-04,1.603,2.689,8.006,11.068,3.325,47.535,22.029,308.975,75.179,11.359,18.343,38.08,132.199,92.535
2026-09-21T13:34:20Z,BGW-04,1.607,2.688,8.023,11.133,3.257,47.438,21.934,312.593,74.814,10.818,17.469,38.07,132.211,88.128
2026-09-21T13:37:20Z,BGW-04,1.605,2.708,7.997,11.068,3.348,47.808,21.798,313.07,75.322,11.081,17.894,38.07,132.223,90.272
2026-09-21T13:40:20Z,BGW-04,1.588,2.71,7.985,11.183,3.363,47.525,22.313,312.969,75.045,11.94,19.281,38.07,132.235,97.265
2026-09-21T13:43:20Z,BGW-04,1.602,2.705,7.997,11.28,3.425,47.337,22.37,305.183,75.443,11.796,19.049,38.07,132.248,96.098
2026-09-21T13:46:20Z,BGW-04,1.606,2.698,8.014,11.445,3.225,47.2,22.399,308.801,76.139,10.023,16.186,38.07,132.26,81.653
2026-09-21T13:49:20Z,BGW-04,1.592,2.692,8.032,11.358,3.359,47.754,22.657,325.377,75.841,12.276,19.823,38.07,132.272,100.0
2026-09-21T13:52:20Z,BGW-04,1.599,2.693,7.973,11.418,3.203,46.998,22.376,306.692,75.762,10.479,16.921,38.07,132.284,85.361
2026-09-21T13:55:20Z,BGW-04,1.6,2.695,8.009,11.19,3.374,47.471,22.082,295.308,75.862,10.62,17.149,38.07,132.296,86.513
2026-09-21T13:58:20Z,BGW-04,1.595,2.699,7.996,10.902,3.336,47.48,22.648,316.681,75.751,11.514,18.593,38.07,132.308,93.797
2026-09-21T14:01:20Z,BGW-04,1.604,2.713,8.012,11.181,3.412,47.942,22.705,310.858,75.555,11.234,18.14,38.07,132.321,91.512
2026-09-21T14:04:20Z,BGW-04,1.594,2.699,8.009,11.321,3.341,47.597,22.814,303.707,76.192,,18.662,38.07,132.333,94.147
2026-09-21T14:07:20Z,BGW-04,1.591,2.705,8.0,11.401,3.363,47.293,22.013,315.315,75.989,12.114,19.56,38.07,132.345,98.676
2026-09-21T14:10:20Z,BGW-04,1.594,2.696,7.996,10.843,3.335,47.36,23.051,309.936,75.671,10.881,17.571,38.07,132.357,88.638
2026-09-21T08:13:20Z,BGW-10,4.69,2.705,23.512,29.818,8.663,46.574,21.033,395.158,118.378,26.437,51.065,48.23,36.684,87.697
2026-09-21T08:16:20Z,BGW-10,4.715,2.701,23.521,28.581,8.62,47.366,21.752,400.442,117.481,28.765,55.562,48.23,36.686,95.419
2026-09-21T08:19:20Z,BGW-10,4.693,2.691,23.509,29.106,8.787,47.839,20.507,399.652,117.78,27.527,53.169,48.23,,91.309
2026-09-21T08:22:20Z,BGW-10,4.69,2.709,23.473,27.982,8.661,47.168,21.504,390.741,117.681,27.733,53.567,48.23,36.69,91.993
2026-09-21T08:25:20Z,BGW-10,4.732,2.711,23.465,28.849,8.643,47.031,20.947,402.085,117.622,28.403,54.86,48.23,36.692,94.214
2026-09-21T08:28:20Z,BGW-10,4.707,2.708,23.558,28.628,8.543,46.748,21.093,393.0,117.496,28.809,55.642,48.22,36.694,95.557
2026-09-21T08:31:20Z,BGW-10,4.706,2.686,23.496,29.002,8.57,46.822,21.334,403.229,118.382,28.145,54.36,48.22,36.696,93.355
2026-09-21T08:34:20Z,BGW-10,4.723,2.696,23.513,28.642,8.726,46.65,21.299,406.1,117.92,29.937,57.819,48.22,36.698,99.295
2026-09-21T08:37:20Z,BGW-10,4.684,2.701,23.473,28.717,8.618,46.369,20.563,400.615,117.857,27.374,52.867,48.22,36.7,90.792
2026-09-21T08:40:20Z,BGW-10,4.698,2.696,23.452,29.286,8.552,46.955,21.222,396.533,117.496,26.785,51.73,48.22,36.701,88.839
2026-09-21T08:43:20Z,BGW-10,4.712,2.71,23.496,29.027,8.725,47.473,21.176,401.003,118.356,28.783,55.587,48.22,36.703,95.463
2026-09-21T08:46:20Z,BGW-10,4.696,2.697,23.39,29.319,8.522,46.787,21.207,397.723,117.297,27.582,53.267,48.22,36.705,91.479
2026-09-21T08:49:20Z,BGW-10,4.691,2.7,23.572,28.565,8.689,46.6,21.978,399.925,118.1,27.316,52.752,48.22,36.707,90.595
2026-09-21T08:52:20Z,BGW-10,4.712,2.696,23.471,29.378,8.691,47.805,21.616,392.073,118.241,28.1,54.266,48.22,36.709,93.194
2026-09-21T08:55:20Z,BGW-10,4.684,2.683,23.534,28.976,8.677,45.778,21.45,398.698,117.739,29.302,56.586,48.22,36.711,97.179
2026-09-21T08:58:20Z,BGW-10,4.653,2.686,23.448,27.78,8.69,46.658,20.748,390.577,117.898,27.061,52.257,48.22,36.713,89.744
2026-09-21T09:01:20Z,BGW-10,4.691,2.718,23.512,28.883,8.644,47.543,21.794,384.724,117.433,27.162,52.45,48.21,36.715,90.076
2026-09-21T09:04:20Z,BGW-10,4.711,2.696,23.464,28.484,8.514,46.827,22.326,402.887,117.857,27.11,52.348,48.21,,89.901
2026-09-21T09:07:20Z,BGW-10,4.708,2.687,23.518,29.914,8.785,47.14,21.823,388.791,118.088,27.735,53.556,48.21,36.719,91.974
2026-09-21T09:07:20Z,BGW-10,4.708,2.687,23.518,29.914,8.785,47.14,21.823,388.791,118.088,27.735,53.556,48.21,36.719,91.974
2026-09-21T09:10:20Z,BGW-10,4.714,2.707,23.447,28.848,8.759,46.436,21.209,395.94,117.107,,50.697,48.21,36.721,87.065
2026-09-21T09:13:20Z,BGW-10,4.694,2.692,23.489,29.509,8.844,45.913,20.984,416.656,117.474,29.652,57.254,48.21,36.723,98.326
2026-09-21T09:16:20Z,BGW-10,4.679,2.71,23.467,29.867,8.896,46.103,20.409,397.841,118.103,29.885,57.704,48.21,,99.098
2026-09-21T09:19:20Z,BGW-10,4.665,2.705,23.502,28.87,8.009,47.368,20.696,387.704,118.423,26.292,50.766,48.21,36.727,87.183
2026-09-21T09:22:20Z,BGW-10,4.685,2.709,23.483,28.183,8.396,47.294,21.599,410.215,118.457,28.771,55.55,48.21,36.728,95.399
2026-09-21T09:25:20Z,BGW-10,4.655,2.703,23.454,29.313,8.766,47.175,20.304,398.096,117.358,27.844,53.761,48.21,36.73,92.326
2026-09-21T09:28:20Z,BGW-10,4.684,2.695,23.469,28.812,8.742,46.84,21.255,392.41,117.63,30.159,58.229,48.21,36.732,100.0
2026-09-21T09:31:20Z,BGW-10,4.698,2.695,23.453,30.031,8.619,47.212,21.105,387.064,117.515,26.889,51.914,48.2,36.734,89.154
2026-09-21T09:34:20Z,BGW-10,4.66,2.694,23.502,29.407,8.591,47.207,21.31,409.035,117.71,28.82,55.642,48.2,36.736,95.556
2026-09-21T09:37:20Z,BGW-10,4.719,2.71,23.487,28.927,9.033,46.794,21.553,401.162,117.518,28.756,55.517,48.2,36.738,95.343
2026-09-21T09:40:20Z,BGW-10,4.693,2.708,23.432,29.466,8.515,47.505,21.497,390.467,118.179,27.554,53.195,48.2,36.74,91.355
2026-09-21T09:43:20Z,BGW-10,4.706,2.711,23.538,28.237,8.773,46.402,20.439,400.39,117.389,28.325,54.682,48.2,36.742,93.908
2026-09-21T09:46:20Z,BGW-10,4.688,2.709,23.484,28.731,8.695,46.915,21.035,395.35,117.693,28.61,55.232,48.2,36.744,94.852
2026-09-21T09:49:20Z,BGW-10,4.729,2.699,23.467,28.417,8.746,47.087,21.031,405.423,117.574,30.163,58.229,48.2,36.746,100.0
2026-09-21T09:52:20Z,BGW-10,4.678,2.695,23.494,28.963,8.733,47.0,21.119,406.804,117.836,27.676,53.427,48.2,36.748,91.753
2026-09-21T09:55:20Z,BGW-10,4.712,2.713,23.569,29.136,8.392,47.36,22.093,405.937,118.233,29.362,56.68,48.2,36.75,97.34
2026-09-21T09:58:20Z,BGW-10,4.752,2.688,23.5,29.154,8.736,47.841,21.19,385.604,117.885,25.747,49.701,48.2,36.752,85.354
2026-09-21T10:01:20Z,BGW-10,4.71,2.697,23.495,29.566,8.786,46.844,20.969,410.269,117.703,30.165,58.229,48.2,36.754,100.0
2026-09-21T10:04:20Z,BGW-10,4.726,2.7,23.481,29.022,8.562,46.444,21.567,400.784,117.465,29.347,56.647,48.19,36.755,97.283
2026-09-21T10:07:20Z,BGW-10,4.722,2.716,23.49,29.877,8.312,46.181,20.794,399.491,118.665,28.243,54.517,48.19,36.757,93.625
2026-09-21T10:10:20Z,BGW-10,4.714,2.702,23.488,29.55,9999.0,46.961,20.959,391.775,117.382,27.382,52.852,48.19,36.759,90.766
2026-09-21T10:13:20Z,BGW-10,4.659,2.688,23.474,29.091,8.365,45.732,21.67,402.749,117.717,27.827,53.712,48.19,36.761,92.242
2026-09-21T10:16:20Z,BGW-10,4.689,2.704,23.512,29.023,8.991,46.712,20.813,404.317,117.586,28.783,55.556,48.19,36.763,95.409
2026-09-21T10:19:20Z,BGW-10,4.703,2.705,23.44,28.583,8.93,47.389,21.444,400.154,117.974,29.17,56.302,48.19,36.765,96.69
2026-09-21T10:22:20Z,BGW-10,4.674,2.699,23.447,28.449,8.785,46.679,21.222,393.43,117.761,28.213,54.453,48.19,36.767,93.516
2026-09-21T10:25:20Z,BGW-10,4.693,2.707,23.497,28.03,8.407,46.901,20.64,404.454,117.515,27.563,53.198,48.19,36.769,91.36
2026-09-21T10:28:20Z,BGW-10,4.692,2.694,23.489,28.481,8.607,46.651,20.241,397.136,117.706,28.36,54.735,48.19,36.771,93.999
2026-09-21T10:31:20Z,BGW-10,4.72,2.694,23.549,30.377,8.642,46.57,21.697,397.783,117.519,27.049,52.204,48.19,36.773,89.652
2026-09-21T10:34:20Z,BGW-10,4.742,2.688,23.453,28.684,8.751,46.186,20.769,399.998,117.885,29.194,56.342,48.18,36.775,96.76
2026-09-21T10:37:20Z,BGW-10,4.712,2.702,23.427,28.23,8.438,46.299,20.876,388.93,117.737,26.639,51.41,48.18,36.777,88.29
2026-09-21T10:40:20Z,BGW-10,4.675,2.7,23.511,29.411,8.596,46.824,21.38,388.958,117.687,27.038,52.18,48.18,36.779,89.611
2026-09-21T10:43:20Z,BGW-10,4.719,2.698,23.519,29.292,8.665,47.273,21.364,393.706,118.2,27.713,53.482,48.18,36.781,91.847
2026-09-21T10:46:20Z,BGW-10,4.677,2.7,23.495,28.803,8.853,45.974,20.942,395.455,117.306,27.973,53.982,48.18,36.783,92.706
2026-09-21T10:49:20Z,BGW-10,4.676,2.698,23.451,28.973,8.607,47.691,21.48,401.677,117.756,28.134,54.292,48.18,36.785,93.238
2026-09-21T10:52:20Z,BGW-10,4.709,2.692,23.573,30.008,8.661,46.679,21.836,401.84,117.956,27.812,53.67,48.18,36.786,92.17
2026-09-21T10:55:20Z,BGW-10,4.695,2.702,23.443,28.703,8.371,47.559,20.669,392.681,117.63,25.776,49.739,48.18,36.788,85.42
2026-09-21T10:58:20Z,BGW-10,4.668,2.709,23.591,28.429,8.607,46.846,21.085,384.935,117.308,25.584,49.369,48.18,36.79,84.783
2026-09-21T11:01:20Z,BGW-10,4.664,2.7,23.581,28.48,8.793,47.261,20.971,396.03,117.506,27.421,52.912,48.18,36.792,90.869
2026-09-21T11:04:20Z,BGW-10,4.717,2.703,23.486,29.325,8.645,47.908,20.752,409.373,117.827,,56.958,48.18,36.794,97.817
2026-09-21T11:07:20Z,BGW-10,4.667,2.705,23.475,28.687,8.975,47.288,21.562,394.44,116.66,28.91,55.783,48.17,36.796,95.799
2026-09-21T11:10:20Z,BGW-10,4.709,2.703,23.497,28.747,8.735,47.366,21.151,398.21,117.342,27.704,53.456,48.17,36.798,91.802
2026-09-21T11:13:20Z,BGW-10,4.696,2.708,23.486,28.476,8.759,46.347,21.144,399.372,117.837,27.231,52.54,48.17,36.8,90.231
2026-09-21T11:16:20Z,BGW-10,4.686,2.718,23.482,28.626,8.848,46.501,22.034,389.286,118.182,25.062,48.356,48.17,36.802,83.045
2026-09-21T11:16:20Z,BGW-10,4.686,2.718,23.482,28.626,8.848,46.501,22.034,389.286,118.182,25.062,48.356,48.17,36.802,83.045
2026-09-21T11:19:20Z,BGW-10,4.73,2.697,23.519,29.426,8.896,46.861,21.488,397.782,117.309,26.78,51.669,48.17,36.804,88.734
2026-09-21T11:22:20Z,BGW-10,4.691,2.695,23.559,28.831,9.007,46.138,21.413,388.695,118.055,26.832,51.769,48.17,36.806,88.905
2026-09-21T11:25:20Z,BGW-10,4.713,2.704,23.498,28.513,8.881,47.021,20.686,405.231,117.422,28.881,55.721,48.17,36.808,95.693
2026-09-21T11:28:20Z,BGW-10,4.708,2.682,23.55,29.278,8.654,47.229,21.551,386.351,117.765,28.094,54.201,48.17,36.81,93.082
2026-09-21T11:31:20Z,BGW-10,4.719,2.698,23.512,29.864,8.675,45.962,21.06,381.657,117.61,26.855,51.81,48.17,36.812,88.976
2026-09-21T11:34:20Z,BGW-10,4.655,2.693,23.521,28.783,8.635,47.043,20.746,399.035,117.551,29.506,56.923,48.17,36.814,97.758
2026-09-21T11:37:20Z,BGW-10,4.699,2.69,23.502,29.806,8.626,47.46,21.943,402.923,117.071,30.183,58.229,48.16,36.816,100.0
2026-09-21T11:40:20Z,BGW-10,4.708,2.708,23.503,30.439,9.029,46.344,21.899,396.655,117.056,27.999,54.014,48.16,36.818,92.762
2026-09-21T11:43:20Z,BGW-10,4.685,2.698,23.415,29.583,8.502,46.32,21.254,398.266,117.404,27.623,53.289,48.16,36.819,91.515
2026-09-21T11:46:20Z,BGW-10,4.678,2.685,23.609,29.457,8.775,46.787,21.468,411.393,117.495,30.185,58.229,48.16,36.821,100.0
2026-09-21T11:49:20Z,BGW-10,4.732,2.699,23.537,28.977,8.48,46.813,21.378,394.583,117.248,27.804,53.636,48.16,36.823,92.112
2026-09-21T11:52:20Z,BGW-10,4.699,2.692,23.536,28.85,8.721,46.856,21.263,379.01,118.126,25.779,49.728,48.16,36.825,85.401
2026-09-21T11:55:20Z,BGW-10,4.676,2.689,23.52,28.98,9.102,47.446,21.214,384.68,117.198,,51.193,48.16,36.827,87.916
2026-09-21T11:58:20Z,BGW-10,4.72,2.694,23.518,29.354,8.879,46.948,20.433,397.36,116.594,26.982,52.047,48.16,36.829,89.384
2026-09-21T12:01:20Z,BGW-10,4.709,2.698,23.461,28.539,8.737,46.599,21.246,396.529,117.088,27.942,53.897,48.16,36.831,92.56
2026-09-21T12:04:20Z,BGW-10,4.699,2.699,23.508,28.74,8.363,46.912,21.848,392.13,117.217,26.35,50.826,48.16,36.833,87.286
2026-09-21T12:07:20Z,BGW-10,4.706,2.691,23.555,28.98,8.52,46.989,21.555,392.499,118.176,28.147,54.291,48.16,36.835,93.237
2026-09-21T12:10:20Z,BGW-10,4.698,2.696,23.54,29.598,8.708,46.431,21.793,393.474,117.971,27.453,52.952,48.15,36.837,90.937
2026-09-21T12:13:20Z,BGW-10,4.686,2.688,23.526,29.872,8.653,46.489,21.643,398.515,117.804,28.907,55.754,48.15,36.839,95.75
2026-09-21T12:16:20Z,BGW-10,4.725,2.7,23.458,28.674,8.83,47.456,21.428,390.579,118.048,27.058,52.188,48.15,36.841,89.624
2026-09-21T12:19:20Z,BGW-10,4.733,2.691,23.479,29.752,8.832,47.152,21.157,406.108,117.472,,58.104,48.15,36.843,99.785
2026-09-21T12:22:20Z,BGW-10,4.671,2.693,23.475,28.373,8.328,46.993,21.441,395.233,117.177,28.179,54.347,48.15,36.845,93.333
2026-09-21T12:25:20Z,BGW-10,4.683,2.693,23.486,29.46,8.747,46.36,21.244,392.536,118.293,28.994,55.919,48.15,36.847,96.032
2026-09-21T12:28:20Z,BGW-10,4.698,2.688,23.555,28.882,8.963,46.164,21.549,396.24,117.962,28.52,55.003,48.15,36.849,94.46
2026-09-21T12:31:20Z,BGW-10,4.711,2.705,23.6,28.406,8.483,46.282,20.815,405.037,117.219,29.624,57.132,48.15,36.851,98.116
2026-09-21T12:34:20Z,BGW-10,4.699,2.707,23.561,28.642,8.294,46.375,21.122,396.611,117.584,26.15,50.43,48.15,36.853,86.607
2026-09-21T12:37:20Z,BGW-10,4.688,2.702,23.422,28.924,8.923,46.79,21.718,396.207,117.267,28.601,55.157,48.15,36.854,94.724
2026-09-21T12:40:20Z,BGW-10,4.701,2.7,23.399,29.637,8.714,47.225,20.962,404.396,116.713,27.546,53.12,48.14,36.856,91.226
2026-09-21T12:43:20Z,BGW-10,4.696,2.707,23.404,29.662,8.675,46.266,21.941,379.526,117.702,25.813,49.778,48.14,36.858,85.487
2026-09-21T12:46:20Z,BGW-10,4.684,2.705,23.467,29.12,8.809,47.056,21.393,391.273,117.213,26.91,51.892,48.14,36.86,89.117
2026-09-21T12:49:20Z,BGW-10,4.673,2.708,23.519,28.687,8.801,46.648,21.399,390.338,117.996,27.996,53.986,48.14,36.862,92.713
2026-09-21T12:52:20Z,BGW-10,4.707,2.705,23.514,29.93,8.583,47.804,21.088,392.034,117.658,27.921,53.84,48.14,36.864,92.462
2026-09-21T12:55:20Z,BGW-10,4.714,2.689,23.497,28.335,8.624,46.907,21.14,395.541,117.245,27.251,52.548,48.14,36.866,90.243
2026-09-21T12:58:20Z,BGW-10,4.702,2.702,23.534,28.355,8.607,46.832,20.837,385.812,117.681,25.458,49.089,48.14,36.868,84.303
2026-09-21T13:01:20Z,BGW-10,4.698,2.706,23.472,29.148,8.39,46.101,21.444,404.175,117.272,28.619,55.182,48.14,36.87,94.767
2026-09-21T13:04:20Z,BGW-10,4.702,2.702,23.492,29.342,8.635,47.238,22.242,389.273,117.474,27.491,53.007,48.14,36.872,91.032
2026-09-21T13:07:20Z,BGW-10,4.661,2.71,23.536,29.462,8.866,46.686,21.432,411.489,117.706,29.569,57.012,48.14,36.874,97.909
2026-09-21T13:10:20Z,BGW-10,4.687,2.698,23.493,28.512,8.424,47.234,21.597,398.969,117.133,,53.997,48.14,36.876,92.731
2026-09-21T13:13:20Z,BGW-10,4.717,2.687,23.477,28.214,8.603,47.664,20.84,396.165,117.128,28.029,54.042,48.13,36.878,92.809
2026-09-21T13:16:20Z,BGW-10,4.713,2.703,23.512,29.263,8.624,47.16,21.285,407.533,117.912,29.232,56.359,48.13,36.88,96.788
2026-09-21T13:19:20Z,BGW-10,4.693,2.701,23.433,29.886,8.795,46.269,21.684,388.554,117.842,25.295,48.768,48.13,36.882,83.752
2026-09-21T13:22:20Z,BGW-10,4.701,2.701,23.499,27.979,8.76,46.857,20.844,397.86,117.375,28.89,55.698,48.13,36.884,95.653
2026-09-21T13:25:20Z,BGW-10,4.692,2.707,23.454,29.403,8.782,46.132,21.383,383.75,117.329,27.691,53.385,48.13,36.886,91.682
2026-09-21T13:28:20Z,BGW-10,4.695,2.696,23.495,29.321,8.553,47.093,21.071,389.425,116.589,27.903,53.793,48.13,36.888,92.381
2026-09-21T13:31:20Z,BGW-10,4.684,2.691,23.571,29.158,8.625,46.337,20.773,388.335,117.536,25.926,49.981,48.13,,85.835
2026-09-21T13:34:20Z,BGW-10,4.726,2.698,23.567,29.221,8.631,46.928,20.975,385.23,117.069,,49.608,48.13,36.892,85.194
2026-09-21T13:37:20Z,BGW-10,4.705,2.703,23.502,29.072,8.602,47.035,21.182,392.793,117.085,26.801,51.666,48.13,36.894,88.728
2026-09-21T13:40:20Z,BGW-10,4.737,2.694,23.55,28.799,8.639,46.354,21.757,385.779,117.106,26.562,51.205,48.13,36.895,87.937
2026-09-21T13:43:20Z,BGW-10,4.688,2.701,23.519,28.818,8.883,47.883,21.613,401.694,117.28,26.615,51.305,48.12,36.897,88.109
2026-09-21T13:46:20Z,BGW-10,4.697,2.72,23.464,29.305,8.841,46.843,21.194,399.83,117.24,28.926,55.759,48.12,36.899,95.757
2026-09-21T13:49:20Z,BGW-10,4.688,2.702,23.498,29.044,8.837,46.673,21.544,383.069,117.682,26.155,50.416,48.12,36.901,86.582
2026-09-21T13:52:20Z,BGW-10,4.705,2.713,23.505,29.147,8.625,46.619,20.671,396.154,117.204,27.449,52.91,48.12,36.903,90.866
2026-09-21T13:55:20Z,BGW-10,4.701,2.709,23.621,29.142,8.394,46.497,21.441,400.179,117.331,27.887,53.754,48.12,36.905,92.315
2026-09-21T13:58:20Z,BGW-10,4.703,2.698,23.472,28.857,8.507,47.668,21.098,384.839,116.979,27.625,53.248,48.12,36.907,91.446
2026-09-21T14:01:20Z,BGW-10,4.7,2.714,23.534,29.192,8.661,47.659,20.893,405.745,117.703,30.21,58.229,48.12,36.909,100.0
2026-09-21T14:04:20Z,BGW-10,4.709,2.684,23.476,28.993,8.553,46.468,21.273,398.293,117.285,27.114,52.26,48.12,36.911,89.749
2026-09-21T14:07:20Z,BGW-10,4.698,2.705,23.51,28.439,8.825,47.328,21.891,-99.0,116.69,28.564,55.055,48.12,36.913,94.549
2026-09-21T14:10:20Z,BGW-10,4.674,2.691,23.398,27.722,8.439,46.412,22.264,395.673,118.53,27.801,53.584,48.12,36.915,92.022
