well_id,timestamp,spm,position,load,expected_label
BGW-01,2026-09-21T14:13:20Z,1.7,"[0.0007, 0.0055, 0.0095, 0.0157, 0.0289, 0.0387, 0.0557, 0.0757, 0.1053, 0.1349, 0.1597, 0.1857, 0.2259, 0.2672, 0.3074, 0.35, 0.3986, 0.4464, 0.4892, 0.5472, 0.5976, 0.6567, 0.7176, 0.7787, 0.8356, 0.8936, 0.957, 1.0237, 1.0834, 1.1517, 1.2196, 1.2867, 1.349, 1.4174, 1.4867, 1.5491, 1.6078, 1.6787, 1.7427, 1.8034, 1.8668, 1.9224, 1.9904, 2.0454, 2.0983, 2.155, 2.2069, 2.2538, 2.296, 2.3411, 2.4001, 2.4307, 2.4715, 2.5098, 2.5394, 2.5742, 2.5942, 2.6229, 2.6351, 2.6619, 2.6763, 2.6866, 2.6945, 2.6992, 2.7028, 2.7015, 2.6904, 2.6888, 2.671, 2.6601, 2.6411, 2.6226, 2.5962, 2.5717, 2.539, 2.5048, 2.4759, 2.4362, 2.3952, 2.3534, 2.3012, 2.2596, 2.203, 2.1554, 2.0994, 2.0449, 1.9886, 1.9273, 1.8636, 1.8078, 1.7457, 1.6802, 1.6167, 1.5424, 1.4826, 1.4159, 1.3437, 1.2841, 1.2177, 1.147, 1.0839, 1.0223, 0.9601, 0.8975, 0.8298, 0.7693, 0.712, 0.6558, 0.5981, 0.5452, 0.4959, 0.4456, 0.3959, 0.346, 0.3048, 0.2675, 0.2303, 0.1955, 0.156, 0.1281, 0.0988, 0.0694, 0.0546, 0.0347, 0.0305, 0.0161, 0.0044, 0.0018]","[23.569, 24.005, 25.025, 26.224, 27.754, 29.734, 31.993, 35.102, 37.56, 40.361, 42.221, 43.799, 44.898, 46.041, 46.374, 47.051, 47.051, 47.312, 47.208, 47.824, 47.562, 47.575, 47.779, 47.583, 47.836, 47.596, 47.847, 47.646, 47.55, 47.725, 47.611, 47.884, 47.808, 47.868, 47.801, 47.726, 47.761, 47.879, 47.688, 47.582, 47.524, 47.591, 47.483, 47.799, 47.342, 47.308, 47.364, 47.439, 47.258, 47.102, 47.055, 47.041, 47.137, 46.777, 46.785, 46.579, 46.541, 46.341, 45.821, 45.992, 45.234, 44.533, 43.689, 42.759, 41.527, 40.064, 38.195, 36.275, 33.898, 31.922, 29.902, 28.27, 26.77, 25.24, 24.405, 23.742, 23.172, 22.448, 22.34, 22.058, 21.764, 21.944, 21.415, 21.441, 21.47, 21.385, 21.282, 21.453, 21.431, 21.333, 21.325, 21.165, 21.003, 21.449, 21.019, 21.45, 21.134, 21.189, 21.145, 21.311, 21.13, 21.469, 21.316, 21.293, 21.223, 21.371, 21.369, 21.666, 21.577, 21.283, 21.749, 21.271, 21.853, 21.442, 21.754, 21.923, 21.874, 21.788, 22.165, 21.821, 21.932, 22.388, 22.151, 22.361, 22.501, 22.474, 22.7, 22.975]",NORMAL
BGW-01,2026-09-21T14:14:21Z,1.7,"[0.0039, 0.0051, 0.0019, 0.0155, 0.0204, 0.0389, 0.0551, 0.0769, 0.1079, 0.1279, 0.1578, 0.1925, 0.231, 0.2602, 0.3117, 0.3472, 0.3922, 0.4438, 0.4957, 0.5546, 0.6029, 0.654, 0.7129, 0.7697, 0.8355, 0.8979, 0.957, 1.0256, 1.0811, 1.1503, 1.2147, 1.2818, 1.3447, 1.4193, 1.4792, 1.5476, 1.6172, 1.6832, 1.7457, 1.7975, 1.8656, 1.926, 1.9841, 2.0415, 2.0982, 2.1561, 2.2049, 2.2522, 2.2994, 2.3507, 2.3879, 2.4366, 2.4708, 2.5063, 2.5413, 2.5692, 2.5995, 2.6169, 2.6359, 2.6659, 2.6746, 2.677, 2.699, 2.6938, 2.7067, 2.7043, 2.6964, 2.6854, 2.6712, 2.6626, 2.6406, 2.6246, 2.5963, 2.5653, 2.5383, 2.5081, 2.4709, 2.4348, 2.3906, 2.3556, 2.3029, 2.2583, 2.201, 2.1569, 2.1051, 2.046, 1.9856, 1.9242, 1.8686, 1.8067, 1.7377, 1.6781, 1.6152, 1.5456, 1.4844, 1.4154, 1.3548, 1.2797, 1.2194, 1.1524, 1.0806, 1.019, 0.9554, 0.8983, 0.8323, 0.7728, 0.7141, 0.6644, 0.5992, 0.5521, 0.493, 0.4383, 0.3928, 0.3457, 0.3053, 0.2609, 0.2246, 0.1983, 0.1602, 0.1307, 0.1087, 0.0736, 0.06, 0.039, 0.0259, 0.0124, 0.0069, 0.0057]","[23.439, 24.231, 25.259, 26.634, 28.474, 31.088, 33.73, 36.945, 39.516, 41.853, 44.058, 45.072, 46.035, 46.437, 46.847, 47.127, 47.191, 47.595, 47.408, 47.394, 47.763, 47.747, 47.37, 47.636, 47.873, 47.655, 47.739, 47.758, 47.494, 47.687, 47.915, 48.007, 47.797, 47.786, 47.865, 47.799, 47.829, 47.62, 47.718, 47.756, 47.738, 47.413, 47.698, 47.562, 47.525, 47.217, 47.412, 47.138, 46.951, 47.242, 47.159, 47.088, 47.015, 46.886, 46.91, 46.717, 46.634, 46.506, 45.941, 45.511, 45.084, 43.95, 43.04, 41.873, 40.102, 38.653, 36.732, 34.219, 32.139, 30.334, 28.556, 26.569, 25.568, 24.437, 23.421, 23.014, 22.546, 22.303, 22.044, 21.814, 21.69, 21.576, 21.578, 21.568, 21.51, 21.211, 21.184, 21.166, 21.421, 21.269, 21.082, 21.014, 21.023, 21.155, 20.998, 21.146, 21.333, 21.123, 21.284, 20.975, 21.247, 21.259, 21.118, 21.457, 21.299, 21.24, 21.33, 21.538, 21.264, 21.515, 21.412, 21.623, 21.573, 21.688, 21.857, 21.819, 21.949, 22.031, 22.053, 22.092, 22.135, 22.287, 22.431, 22.579, 22.631, 22.35, 22.687, 22.992]",NORMAL
BGW-01,2026-09-21T14:15:22Z,1.7,"[0.002, 0.0003, 0.0086, 0.0138, 0.0301, 0.0391, 0.0628, 0.0755, 0.1031, 0.1294, 0.1565, 0.191, 0.2276, 0.2618, 0.3037, 0.3513, 0.3929, 0.4485, 0.4987, 0.5443, 0.6012, 0.6577, 0.716, 0.7711, 0.8358, 0.8935, 0.9578, 1.026, 1.0864, 1.1488, 1.2158, 1.2848, 1.3475, 1.4131, 1.4828, 1.545, 1.6202, 1.6759, 1.7441, 1.8001, 1.8655, 1.9299, 1.9881, 2.0461, 2.0982, 2.1548, 2.2058, 2.252, 2.3083, 2.3481, 2.3928, 2.4371, 2.4746, 2.5164, 2.5404, 2.5751, 2.5969, 2.6212, 2.6454, 2.6617, 2.6725, 2.6851, 2.6941, 2.7039, 2.6976, 2.6991, 2.6955, 2.6859, 2.6725, 2.6623, 2.6389, 2.6274, 2.5888, 2.5641, 2.5412, 2.5101, 2.474, 2.4325, 2.3931, 2.3504, 2.3018, 2.2554, 2.2034, 2.158, 2.1014, 2.0427, 1.9852, 1.9258, 1.8656, 1.8057, 1.7408, 1.6764, 1.6147, 1.5476, 1.4824, 1.4165, 1.3495, 1.2802, 1.2169, 1.1559, 1.0839, 1.0194, 0.9568, 0.894, 0.8379, 0.7719, 0.7174, 0.6586, 0.6024, 0.5479, 0.4948, 0.4451, 0.3994, 0.3432, 0.3076, 0.2695, 0.2254, 0.192, 0.1622, 0.124, 0.1037, 0.0754, 0.0589, 0.0417, 0.0267, 0.0113, 0.0065, -0.0004]","[23.576, 25.079, 26.426, 27.693, 29.317, 31.469, 33.913, 35.968, 38.447, 40.612, 42.167, 44.023, 44.952, 45.885, 46.103, 46.699, 47.175, 47.241, 47.506, 47.197, 47.521, 47.326, 47.58, 47.729, 47.707, 47.577, 47.809, 47.873, 47.784, 47.915, 47.964, 47.977, 47.759, 47.869, 47.702, 47.763, 47.903, 47.722, 47.652, 47.606, 47.726, 47.842, 47.712, 47.517, 47.614, 47.59, 47.612, 47.272, 47.397, 47.202, 47.124, 47.307, 47.147, 47.016, 47.116, 46.872, 46.634, 46.761, 46.363, 46.166, 45.936, 45.543, 45.047, 43.933, 42.388, 40.74, 38.578, 35.882, 33.091, 30.241, 27.96, 26.144, 24.679, 23.448, 22.76, 22.261, 22.209, 21.771, 21.69, 21.51, 21.418, 21.459, 21.544, 21.299, 21.495, 21.294, 21.368, 21.578, 21.525, 21.237, 21.192, 21.147, 21.253, 20.896, 21.051, 21.129, 21.047, 21.023, 21.343, 20.984, 21.141, 21.141, 21.18, 21.128, 21.403, 21.318, 21.606, 21.224, 21.466, 21.321, 21.574, 21.751, 21.49, 21.831, 21.643, 21.658, 21.92, 22.038, 22.014, 22.102, 22.126, 22.136, 21.979, 22.271, 22.285, 22.58, 22.663, 23.526]",NORMAL
BGW-03,2026-09-21T14:13:23Z,2.0,"[0.0033, 0.0056, 0.0141, 0.0162, 0.0295, 0.0523, 0.0677, 0.0967, 0.1048, 0.1385, 0.1793, 0.2151, 0.2486, 0.2918, 0.3372, 0.3908, 0.4341, 0.492, 0.5454, 0.5954, 0.6674, 0.7353, 0.7919, 0.8612, 0.9259, 0.9937, 1.0583, 1.1346, 1.1998, 1.2773, 1.3532, 1.4267, 1.4968, 1.5727, 1.6429, 1.7226, 1.7882, 1.8742, 1.9382, 2.0049, 2.0804, 2.1379, 2.2115, 2.2688, 2.3335, 2.3915, 2.4488, 2.5052, 2.5613, 2.6102, 2.6661, 2.705, 2.7374, 2.7838, 2.8217, 2.8569, 2.8878, 2.9073, 2.9358, 2.9516, 2.9711, 2.9824, 2.9969, 3.0015, 3.0052, 2.995, 2.9905, 2.9835, 2.9687, 2.9523, 2.9368, 2.9198, 2.8866, 2.8612, 2.8173, 2.7935, 2.7547, 2.7051, 2.6573, 2.6133, 2.5543, 2.508, 2.4449, 2.3989, 2.3328, 2.2681, 2.1991, 2.1462, 2.074, 2.003, 1.9394, 1.8593, 1.7963, 1.7246, 1.6458, 1.5777, 1.5059, 1.4236, 1.3503, 1.2828, 1.21, 1.1327, 1.0532, 0.989, 0.9304, 0.8568, 0.7895, 0.7301, 0.6602, 0.6144, 0.5414, 0.4919, 0.4407, 0.3907, 0.3364, 0.2939, 0.2565, 0.2138, 0.1795, 0.1445, 0.1149, 0.0845, 0.0603, 0.0439, 0.0247, 0.0214, 0.0098, 0.0062]","[25.74, 27.974, 29.665, 31.288, 32.376, 33.815, 34.924, 36.071, 37.674, 38.643, 39.92, 40.771, 41.882, 42.659, 43.08, 43.613, 43.804, 44.465, 44.774, 44.919, 45.301, 45.329, 45.463, 45.481, 45.451, 45.765, 45.957, 46.077, 45.984, 45.821, 45.985, 46.072, 45.891, 45.986, 45.917, 45.857, 45.776, 45.909, 45.871, 45.888, 45.576, 45.517, 45.14, 45.305, 45.325, 44.866, 44.894, 44.58, 44.557, 44.404, 43.897, 43.777, 43.592, 43.455, 43.451, 43.034, 42.801, 42.545, 42.13, 42.043, 41.549, 41.057, 40.263, 39.034, 37.963, 36.053, 33.925, 29.758, 21.784, 13.757, 7.991, 5.32, 5.014, 4.823, 4.952, 4.865, 4.811, 4.431, 4.707, 4.914, 4.43, 4.504, 4.425, 4.445, 4.477, 4.776, 4.421, 4.684, 4.298, 4.517, 4.407, 4.345, 4.441, 4.591, 4.45, 4.487, 4.403, 4.464, 4.457, 4.523, 4.392, 4.332, 4.361, 4.37, 4.534, 4.354, 4.593, 4.542, 4.71, 4.577, 4.727, 4.657, 4.646, 4.6, 4.74, 4.714, 4.732, 21.476, 22.02, 23.148, 23.139, 21.236, 19.276, 18.881, 19.258, 20.168, 21.694, 23.926]",ROD_FLOATING
BGW-03,2026-09-21T14:14:24Z,2.0,"[0.0015, 0.0012, 0.0078, 0.0117, 0.0365, 0.0412, 0.0666, 0.085, 0.1143, 0.1368, 0.1747, 0.209, 0.254, 0.2956, 0.3372, 0.3851, 0.4408, 0.4909, 0.5505, 0.6075, 0.665, 0.7278, 0.7862, 0.8586, 0.9251, 0.9946, 1.0698, 1.136, 1.2074, 1.2799, 1.3514, 1.4315, 1.4999, 1.5782, 1.6496, 1.7175, 1.7934, 1.8685, 1.9342, 2.0057, 2.0733, 2.1407, 2.21, 2.2683, 2.3323, 2.3942, 2.4422, 2.5063, 2.561, 2.6128, 2.6572, 2.7014, 2.7503, 2.7841, 2.8245, 2.8563, 2.8831, 2.9106, 2.9326, 2.9586, 2.9719, 2.9776, 2.9994, 3.0032, 3.0046, 2.9949, 2.991, 2.9817, 2.9765, 2.9554, 2.9365, 2.9115, 2.8809, 2.8592, 2.831, 2.7857, 2.7441, 2.7025, 2.6573, 2.6062, 2.5589, 2.5062, 2.4462, 2.3951, 2.3318, 2.2671, 2.2073, 2.1471, 2.0791, 2.0095, 1.9396, 1.8681, 1.7954, 1.7234, 1.6544, 1.5724, 1.5031, 1.4217, 1.3555, 1.2851, 1.2063, 1.1419, 1.0614, 1.0005, 0.9253, 0.8602, 0.7917, 0.7313, 0.6663, 0.6107, 0.5487, 0.4938, 0.4386, 0.3903, 0.339, 0.2945, 0.248, 0.2119, 0.1759, 0.1437, 0.1145, 0.0823, 0.0676, 0.0531, 0.0291, 0.0094, 0.0102, 0.002]","[25.328, 26.957, 28.717, 30.12, 31.833, 33.708, 35.965, 37.409, 38.884, 40.549, 41.555, 42.414, 43.06, 43.483, 44.209, 44.426, 44.416, 44.656, 44.917, 45.294, 45.214, 45.381, 45.456, 45.628, 45.884, 45.722, 45.858, 46.167, 45.748, 46.058, 46.067, 46.043, 46.201, 46.359, 46.015, 45.971, 46.021, 45.697, 45.744, 45.757, 45.649, 45.405, 45.553, 45.102, 45.028, 44.836, 44.88, 44.775, 44.468, 44.466, 44.047, 43.919, 43.727, 43.471, 43.271, 42.854, 42.436, 42.368, 42.061, 41.687, 41.083, 40.421, 40.058, 38.771, 37.287, 35.516, 33.394, 29.688, 24.028, 18.082, 13.261, 10.998, 10.573, 10.254, 10.269, 10.062, 9.881, 9.637, 9.809, 9.546, 9.103, 9.577, 9.361, 9.181, 9.4, 8.82, 9.017, 9.168, 8.928, 9.292, 9.256, 8.987, 8.96, 9.162, 8.995, 8.749, 8.864, 8.779, 9.004, 8.957, 9.154, 9.014, 8.895, 8.877, 9.296, 9.305, 9.047, 9.006, 9.047, 9.478, 9.344, 9.728, 9.477, 9.568, 9.652, 9.858, 10.171, 21.884, 22.615, 23.109, 22.826, 21.607, 20.553, 19.887, 20.23, 20.969, 22.236, 23.787]",ROD_FLOATING
BGW-03,2026-09-21T14:15:25Z,2.0,"[0.0041, 0.0081, 0.0098, 0.0117, 0.0375, 0.0417, 0.0604, 0.0848, 0.1195, 0.1439, 0.1703, 0.2202, 0.2472, 0.302, 0.3314, 0.3881, 0.4395, 0.4905, 0.5482, 0.6103, 0.6674, 0.7315, 0.7934, 0.8594, 0.9239, 0.9945, 1.0679, 1.1396, 1.2032, 1.2777, 1.3536, 1.426, 1.4971, 1.5662, 1.6481, 1.7176, 1.8001, 1.8688, 1.937, 2.0007, 2.0715, 2.1454, 2.2043, 2.2703, 2.335, 2.3958, 2.4504, 2.5092, 2.5547, 2.6115, 2.6591, 2.7109, 2.7488, 2.7786, 2.8285, 2.8659, 2.8879, 2.9149, 2.9412, 2.9551, 2.9711, 2.9847, 2.9808, 2.9962, 3.0025, 3.0004, 2.9873, 2.9829, 2.9692, 2.9524, 2.9388, 2.9091, 2.885, 2.8583, 2.8195, 2.7864, 2.7435, 2.7046, 2.659, 2.6136, 2.5588, 2.5061, 2.4456, 2.3911, 2.3294, 2.2662, 2.2056, 2.1411, 2.0736, 2.0091, 1.9332, 1.8616, 1.7847, 1.724, 1.6494, 1.5758, 1.4971, 1.4241, 1.3508, 1.2751, 1.2086, 1.135, 1.0689, 0.9952, 0.9251, 0.861, 0.7954, 0.7248, 0.6607, 0.6021, 0.5516, 0.4949, 0.4441, 0.3887, 0.3418, 0.2937, 0.2599, 0.2159, 0.1827, 0.1457, 0.1114, 0.0913, 0.0591, 0.0478, 0.0284, 0.0177, 0.0029, 0.002]","[25.351, 26.966, 28.724, 30.335, 31.845, 33.052, 34.79, 36.467, 37.935, 39.292, 40.694, 41.606, 42.477, 42.89, 43.464, 44.045, 44.497, 44.885, 44.863, 45.383, 45.326, 45.353, 45.643, 45.832, 45.724, 45.801, 45.907, 46.042, 45.951, 46.02, 46.077, 46.047, 46.12, 45.955, 45.743, 45.913, 45.884, 46.148, 45.957, 45.777, 45.555, 45.349, 45.305, 45.344, 45.115, 44.838, 44.857, 44.565, 44.552, 44.578, 44.24, 43.557, 43.87, 43.42, 43.318, 43.101, 42.854, 42.321, 42.509, 41.924, 41.639, 41.47, 41.133, 40.428, 39.569, 38.857, 37.37, 33.346, 25.736, 17.208, 10.845, 7.978, 7.42, 7.472, 7.021, 6.867, 6.776, 6.872, 6.654, 6.656, 6.39, 6.555, 6.351, 6.289, 6.252, 6.476, 6.228, 6.307, 6.241, 6.279, 6.104, 5.981, 6.114, 6.167, 6.022, 6.138, 6.24, 5.856, 6.368, 6.306, 6.218, 6.36, 5.916, 6.253, 6.308, 6.349, 6.372, 6.603, 6.473, 6.319, 6.236, 6.347, 6.475, 6.604, 6.618, 6.704, 6.718, 21.676, 22.438, 22.919, 22.828, 21.375, 19.887, 19.171, 19.514, 20.792, 21.915, 23.607]",ROD_FLOATING
BGW-06,2026-09-21T14:13:26Z,2.8,"[-0.0008, 0.0065, 0.0065, 0.019, 0.0292, 0.0401, 0.0613, 0.0897, 0.1091, 0.1448, 0.1795, 0.2095, 0.2463, 0.2992, 0.3468, 0.3895, 0.4456, 0.4949, 0.5465, 0.6071, 0.6692, 0.7174, 0.794, 0.8633, 0.9287, 0.9935, 1.0636, 1.1288, 1.2104, 1.272, 1.3558, 1.4279, 1.4986, 1.5755, 1.6505, 1.7183, 1.7878, 1.8678, 1.9351, 2.0063, 2.0701, 2.1465, 2.2104, 2.2664, 2.3267, 2.3945, 2.4509, 2.505, 2.558, 2.6111, 2.66, 2.7055, 2.7534, 2.7923, 2.8147, 2.8592, 2.8908, 2.9065, 2.9332, 2.9535, 2.974, 2.9853, 2.9939, 2.999, 3.0035, 2.9995, 2.9894, 2.9804, 2.9689, 2.9617, 2.9369, 2.9151, 2.8921, 2.8576, 2.8158, 2.7879, 2.7452, 2.703, 2.6571, 2.611, 2.5564, 2.511, 2.4541, 2.3953, 2.3349, 2.2675, 2.2104, 2.1379, 2.0682, 2.0042, 1.936, 1.8653, 1.7967, 1.7189, 1.6516, 1.5795, 1.5015, 1.4229, 1.3581, 1.2802, 1.2082, 1.1306, 1.0582, 1.0006, 0.9291, 0.8561, 0.7916, 0.7247, 0.6668, 0.5993, 0.5516, 0.4944, 0.4436, 0.3891, 0.343, 0.297, 0.2549, 0.2115, 0.1813, 0.1395, 0.1124, 0.0876, 0.0731, 0.0416, 0.03, 0.0179, 0.0014, 0.0107]","[20.51, 24.403, 28.081, 31.111, 33.192, 35.234, 36.676, 38.011, 39.128, 40.057, 40.358, 40.151, 40.449, 40.347, 41.182, 42.141, 42.747, 43.251, 43.419, 43.534, 43.579, 43.766, 43.846, 43.848, 43.737, 43.814, 44.288, 44.226, 44.287, 44.665, 44.579, 44.254, 44.407, 44.574, 44.476, 44.364, 44.486, 43.959, 44.198, 43.883, 44.028, 43.696, 43.306, 43.43, 42.827, 43.196, 42.876, 42.794, 42.432, 42.177, 42.123, 41.76, 41.135, 40.987, 40.989, 40.246, 39.88, 39.561, 39.035, 38.81, 38.219, 37.786, 36.866, 46.886, 43.364, 39.597, 32.633, 21.622, 10.605, 2.53, -0.34, 0.691, 1.174, 1.62, 1.378, 1.206, 0.826, 0.548, 0.083, 0.065, -0.378, -0.325, -0.079, -0.083, 0.034, -0.295, -0.027, -0.372, 0.051, -0.303, -0.289, -0.149, -0.188, -0.332, -0.274, 0.02, -0.383, 0.006, -0.308, -0.403, -0.009, -0.095, -0.161, 0.003, -0.157, -0.177, 0.007, -0.004, -0.12, 0.211, 0.119, 0.341, 0.663, -0.022, 0.301, 0.316, 0.122, 0.429, 0.002, 0.253, 27.715, 20.203, 13.977, 11.285, 11.487, 13.759, 15.617, 17.345]",PUMP_UNSETTING_RISK
BGW-06,2026-09-21T14:14:27Z,2.8,"[0.0013, -0.0006, 0.0077, 0.0229, 0.0219, 0.0468, 0.065, 0.0869, 0.1144, 0.1459, 0.1759, 0.2135, 0.2525, 0.2963, 0.3395, 0.3884, 0.4426, 0.4945, 0.5536, 0.6054, 0.66, 0.7288, 0.7898, 0.8553, 0.927, 0.9936, 1.066, 1.1417, 1.2139, 1.2816, 1.3557, 1.43, 1.5047, 1.5691, 1.6412, 1.7255, 1.7899, 1.8575, 1.9353, 2.0019, 2.0785, 2.1459, 2.2086, 2.2705, 2.3339, 2.3917, 2.4518, 2.5081, 2.5589, 2.6101, 2.6581, 2.7109, 2.7473, 2.7831, 2.8272, 2.8553, 2.884, 2.9025, 2.9321, 2.9499, 2.9706, 2.9822, 2.9932, 2.9989, 2.9962, 2.99, 2.9942, 2.9821, 2.968, 2.9505, 2.9315, 2.9217, 2.884, 2.8577, 2.8202, 2.781, 2.7507, 2.7095, 2.6654, 2.6119, 2.5597, 2.5114, 2.4532, 2.3982, 2.3367, 2.2794, 2.2075, 2.143, 2.0691, 2.0093, 1.9339, 1.8689, 1.7888, 1.7218, 1.644, 1.5703, 1.4983, 1.4381, 1.3531, 1.275, 1.2111, 1.1362, 1.0614, 0.9992, 0.9221, 0.8551, 0.787, 0.7288, 0.6646, 0.608, 0.5552, 0.4878, 0.4385, 0.3885, 0.3439, 0.2945, 0.2503, 0.2161, 0.1752, 0.1437, 0.1168, 0.0882, 0.0696, 0.0488, 0.0259, 0.0176, 0.0079, -0.001]","[19.544, 24.222, 28.175, 31.776, 34.138, 36.293, 37.6, 38.47, 39.681, 39.91, 39.663, 38.948, 38.735, 38.733, 39.644, 40.288, 41.256, 41.748, 41.781, 42.052, 41.964, 42.237, 42.248, 42.028, 42.292, 42.004, 42.369, 42.334, 42.625, 42.708, 42.518, 42.571, 42.664, 42.663, 42.623, 42.618, 42.454, 42.756, 42.425, 42.154, 42.324, 42.101, 42.034, 41.874, 41.358, 41.284, 41.129, 40.706, 40.81, 40.381, 40.364, 40.13, 39.696, 39.203, 39.329, 38.825, 38.75, 38.056, 38.269, 37.747, 37.479, 36.989, 36.726, 48.771, 45.062, 40.907, 33.28, 20.964, 8.056, -0.456, -3.811, -2.354, -1.616, -1.359, -1.29, -1.133, -1.472, -2.145, -2.487, -2.483, -2.778, -2.606, -2.455, -2.379, -2.311, -2.407, -2.432, -2.622, -2.757, -2.426, -2.548, -2.3, -2.448, -2.787, -2.39, -2.653, -2.569, -2.626, -2.827, -2.283, -2.542, -2.454, -2.573, -2.651, -2.584, -2.207, -2.55, -2.625, -2.118, -2.468, -2.512, -2.205, -2.483, -2.276, -2.319, -2.428, -2.47, -2.045, -2.078, -1.891, 29.989, 21.416, 13.727, 10.015, 10.04, 11.668, 13.919, 15.757]",PUMP_UNSETTING_RISK
BGW-06,2026-09-21T14:15:28Z,2.8,"[-0.0005, 0.0031, 0.0119, 0.0189, 0.024, 0.0375, 0.0656, 0.0835, 0.1104, 0.1459, 0.1776, 0.2182, 0.25, 0.2925, 0.3427, 0.3945, 0.4448, 0.4877, 0.5463, 0.6091, 0.6699, 0.7275, 0.7895, 0.8561, 0.9322, 0.9967, 1.0555, 1.127, 1.2093, 1.2764, 1.3543, 1.4249, 1.4968, 1.5747, 1.6428, 1.7227, 1.7891, 1.8607, 1.9315, 2.006, 2.079, 2.1416, 2.2102, 2.2682, 2.3384, 2.3906, 2.4475, 2.5102, 2.5636, 2.6172, 2.671, 2.7037, 2.7516, 2.7834, 2.8244, 2.8508, 2.8936, 2.9143, 2.9364, 2.953, 2.9723, 2.9835, 2.9968, 2.9976, 2.9963, 3.0007, 2.9936, 2.9836, 2.9756, 2.9517, 2.9339, 2.9139, 2.8869, 2.8536, 2.8187, 2.79, 2.7509, 2.7129, 2.659, 2.6129, 2.5604, 2.5092, 2.4546, 2.3974, 2.3385, 2.2738, 2.2081, 2.1451, 2.0723, 2.0078, 1.9359, 1.8705, 1.797, 1.7247, 1.6478, 1.5709, 1.4982, 1.4253, 1.3543, 1.2801, 1.2079, 1.1389, 1.0682, 0.9971, 0.9264, 0.863, 0.7912, 0.7298, 0.6653, 0.6082, 0.5429, 0.4936, 0.4356, 0.3832, 0.3389, 0.2963, 0.252, 0.2173, 0.1813, 0.1404, 0.1081, 0.0837, 0.0688, 0.0425, 0.0292, 0.021, 0.0045, 0.0002]","[21.38, 25.911, 30.537, 34.564, 36.918, 38.668, 39.996, 40.269, 40.78, 40.706, 40.387, 39.685, 39.142, 39.26, 40.342, 41.153, 41.937, 42.616, 42.765, 43.023, 42.943, 43.083, 43.285, 43.459, 43.093, 43.425, 43.657, 43.556, 43.931, 43.703, 43.827, 43.932, 43.683, 43.753, 43.811, 43.729, 43.854, 43.524, 43.471, 43.259, 43.152, 43.246, 43.124, 42.857, 42.694, 42.363, 42.28, 42.322, 42.08, 41.235, 41.425, 41.324, 40.703, 40.698, 40.513, 39.826, 39.744, 39.474, 39.085, 38.504, 38.485, 38.2, 37.422, 48.205, 45.436, 41.25, 33.989, 22.22, 10.065, 1.605, -1.474, -0.752, -0.369, 0.171, 0.344, -0.177, -0.556, -0.661, -0.913, -1.308, -1.056, -1.111, -1.313, -0.936, -1.261, -1.028, -0.903, -1.026, -1.214, -1.241, -0.867, -1.304, -0.994, -1.178, -1.212, -1.189, -0.87, -1.299, -1.087, -1.129, -1.038, -1.36, -1.046, -1.044, -1.122, -0.946, -1.334, -1.252, -1.071, -0.727, -0.952, -0.92, -0.695, -0.817, -0.889, -0.482, -0.627, -0.635, -0.73, -0.542, 28.343, 20.842, 13.992, 10.92, 11.126, 13.143, 15.136, 17.14]",PUMP_UNSETTING_RISK
BGW-07,2026-09-21T14:13:29Z,2.0,"[-0.0054, -0.0038, 0.0118, 0.0107, 0.0255, 0.0358, 0.0601, 0.076, 0.1035, 0.1302, 0.1624, 0.1906, 0.2234, 0.2694, 0.3016, 0.3502, 0.3957, 0.4426, 0.4926, 0.5502, 0.596, 0.6562, 0.7105, 0.7836, 0.8345, 0.8967, 0.9532, 1.0172, 1.082, 1.1499, 1.2227, 1.2866, 1.3498, 1.4149, 1.481, 1.5505, 1.6132, 1.681, 1.7431, 1.8038, 1.8674, 1.9265, 1.9836, 2.0399, 2.1003, 2.1587, 2.2055, 2.2618, 2.3022, 2.349, 2.3979, 2.4341, 2.4718, 2.5093, 2.5408, 2.5701, 2.5987, 2.6247, 2.6381, 2.6633, 2.6685, 2.686, 2.6925, 2.7005, 2.7054, 2.7016, 2.6944, 2.6857, 2.6767, 2.656, 2.6376, 2.6192, 2.5919, 2.5738, 2.5476, 2.5085, 2.4692, 2.4322, 2.3876, 2.3483, 2.31, 2.2602, 2.2088, 2.1572, 2.0964, 2.0422, 1.9896, 1.9291, 1.8696, 1.8039, 1.7383, 1.6821, 1.613, 1.5442, 1.4879, 1.4139, 1.3491, 1.2894, 1.2198, 1.1504, 1.0865, 1.0193, 0.9569, 0.8991, 0.8242, 0.7702, 0.7158, 0.6491, 0.5988, 0.5522, 0.5, 0.4414, 0.3948, 0.3516, 0.3008, 0.2611, 0.2224, 0.1927, 0.1547, 0.1331, 0.1003, 0.0758, 0.0595, 0.0355, 0.0246, 0.0141, 0.0056, 0.0065]","[25.204, 26.196, 27.123, 28.444, 30.689, 32.378, 34.754, 37.083, 39.2, 41.043, 42.214, 42.835, 43.652, 44.277, 44.362, 44.563, 44.668, 44.634, 45.217, 45.078, 45.41, 45.327, 45.487, 45.411, 45.465, 45.226, 45.742, 45.757, 45.562, 45.66, 45.684, 45.657, 45.648, 45.768, 45.598, 45.676, 45.695, 45.398, 45.546, 45.439, 45.424, 45.243, 45.055, 45.199, 44.731, 44.558, 44.923, 44.642, 44.253, 44.119, 44.12, 43.767, 44.035, 43.422, 43.376, 43.295, 43.196, 42.725, 42.562, 42.773, 42.694, 42.278, 42.009, 42.153, 42.105, 41.677, 41.204, 41.176, 41.094, 40.682, 40.78, 40.548, 40.504, 40.275, 40.3, 40.131, 39.638, 39.841, 39.545, 39.31, 39.027, 38.89, 38.977, 39.042, 38.648, 38.516, 38.287, 38.712, 38.229, 38.294, 38.293, 38.29, 38.267, 38.332, 38.043, 38.072, 38.018, 37.687, 37.089, 36.302, 34.839, 32.71, 30.404, 27.963, 25.779, 24.363, 22.724, 22.547, 22.062, 22.095, 21.988, 21.837, 22.236, 22.287, 22.739, 22.245, 23.053, 22.646, 22.855, 23.15, 23.457, 23.745, 23.928, 23.992, 24.123, 24.102, 24.688, 24.878]",FLUID_POUND
BGW-07,2026-09-21T14:14:30Z,2.0,"[-0.0026, 0.0028, 0.0063, 0.0146, 0.0202, 0.0382, 0.0538, 0.0804, 0.0991, 0.1255, 0.1559, 0.1942, 0.229, 0.2661, 0.3068, 0.3475, 0.3925, 0.4421, 0.4928, 0.5443, 0.6056, 0.6586, 0.7175, 0.7734, 0.8328, 0.8899, 0.955, 1.024, 1.0888, 1.1536, 1.218, 1.2912, 1.3504, 1.4175, 1.4916, 1.5453, 1.6098, 1.6788, 1.7447, 1.7984, 1.869, 1.9298, 1.9912, 2.0496, 2.0952, 2.1506, 2.2012, 2.2582, 2.2967, 2.3525, 2.3951, 2.4316, 2.4708, 2.5042, 2.5367, 2.5697, 2.5997, 2.6253, 2.6461, 2.6555, 2.6668, 2.6862, 2.6948, 2.6953, 2.7034, 2.7051, 2.69, 2.6834, 2.6729, 2.6551, 2.6442, 2.6191, 2.6035, 2.5765, 2.5373, 2.5046, 2.4723, 2.4416, 2.3933, 2.3546, 2.3066, 2.2572, 2.2101, 2.1584, 2.0985, 2.0455, 1.9854, 1.9238, 1.8707, 1.8004, 1.7413, 1.6832, 1.6195, 1.5467, 1.4836, 1.4142, 1.3457, 1.282, 1.2161, 1.1566, 1.0885, 1.0205, 0.9595, 0.8971, 0.8377, 0.7723, 0.7158, 0.6622, 0.604, 0.5481, 0.4905, 0.4463, 0.3921, 0.345, 0.3072, 0.2668, 0.2286, 0.1913, 0.1552, 0.1298, 0.1066, 0.0834, 0.0645, 0.039, 0.0251, 0.009, 0.0106, 0.0019]","[25.886, 26.452, 27.286, 28.474, 29.539, 31.206, 32.639, 34.257, 35.923, 38.023, 39.187, 40.628, 41.695, 42.512, 43.093, 43.258, 43.819, 44.102, 44.705, 44.892, 44.992, 45.021, 45.354, 45.364, 45.503, 45.394, 45.45, 45.461, 45.502, 45.405, 45.499, 45.488, 45.846, 45.777, 45.736, 45.42, 45.488, 45.612, 45.413, 45.233, 45.357, 45.354, 45.352, 45.132, 44.849, 44.92, 44.77, 44.242, 44.633, 44.419, 44.212, 44.294, 43.955, 43.887, 43.669, 43.246, 43.196, 43.054, 42.854, 42.904, 42.261, 42.342, 41.917, 42.211, 41.903, 41.747, 41.167, 41.255, 41.097, 40.642, 40.922, 40.89, 40.275, 40.261, 39.812, 39.809, 39.842, 39.596, 39.6, 39.235, 39.287, 38.689, 38.717, 38.762, 38.654, 38.876, 38.727, 38.447, 38.282, 38.204, 38.234, 38.213, 38.265, 38.075, 37.91, 37.966, 37.834, 37.153, 36.115, 34.136, 31.992, 29.16, 26.734, 24.303, 23.043, 21.974, 21.844, 21.589, 21.501, 21.712, 21.758, 22.021, 22.169, 22.212, 22.131, 22.657, 22.83, 22.67, 22.958, 23.376, 23.356, 23.483, 23.969, 23.889, 24.166, 24.334, 24.571, 24.983]",FLUID_POUND
BGW-07,2026-09-21T14:15:31Z,2.0,"[-0.0073, 0.0041, 0.0041, 0.0184, 0.0255, 0.0439, 0.0575, 0.0806, 0.1017, 0.1266, 0.1583, 0.1915, 0.2282, 0.2703, 0.308, 0.353, 0.3969, 0.4414, 0.4976, 0.545, 0.606, 0.6555, 0.7195, 0.7699, 0.8354, 0.8949, 0.9568, 1.0209, 1.0859, 1.1528, 1.2166, 1.2814, 1.3455, 1.4111, 1.4828, 1.549, 1.614, 1.6743, 1.7448, 1.8049, 1.8734, 1.9289, 1.9857, 2.0455, 2.0962, 2.1508, 2.2057, 2.2557, 2.3029, 2.3497, 2.3964, 2.4373, 2.4779, 2.5055, 2.5402, 2.5702, 2.5995, 2.6269, 2.6405, 2.6588, 2.6701, 2.6853, 2.6911, 2.6932, 2.7013, 2.6965, 2.6961, 2.6843, 2.6716, 2.6571, 2.6399, 2.6186, 2.5908, 2.5693, 2.5423, 2.5162, 2.4772, 2.438, 2.394, 2.3468, 2.3062, 2.254, 2.2031, 2.1558, 2.0996, 2.0388, 1.9829, 1.9215, 1.8672, 1.8009, 1.7391, 1.6699, 1.616, 1.5424, 1.4805, 1.4186, 1.3529, 1.2878, 1.2214, 1.1516, 1.0817, 1.0246, 0.9657, 0.8904, 0.8314, 0.7747, 0.7138, 0.6608, 0.5991, 0.5437, 0.4937, 0.4389, 0.3923, 0.3533, 0.3044, 0.2722, 0.2303, 0.1875, 0.1628, 0.1303, 0.1003, 0.0876, 0.061, 0.0363, 0.0268, 0.0149, 0.0098, -0.0001]","[25.495, 26.274, 26.767, 27.821, 29.805, 31.655, 34.118, 36.323, 38.527, 40.28, 41.701, 42.572, 43.388, 43.641, 44.227, 44.62, 44.559, 44.624, 44.575, 45.017, 45.239, 45.008, 45.467, 45.246, 45.555, 45.294, 45.545, 45.749, 45.569, 45.574, 45.53, 45.699, 45.408, 45.518, 45.448, 45.508, 45.675, 45.318, 45.235, 45.385, 45.237, 45.057, 45.118, 44.637, 44.894, 44.924, 44.757, 44.663, 44.428, 44.281, 44.207, 43.849, 43.883, 43.562, 43.589, 43.347, 43.243, 42.911, 42.704, 42.827, 42.712, 42.217, 42.043, 42.009, 41.844, 41.828, 41.392, 41.386, 40.943, 40.609, 40.746, 40.364, 40.473, 40.419, 39.807, 39.873, 39.885, 39.469, 39.63, 39.307, 39.213, 38.917, 38.833, 38.898, 38.839, 38.723, 38.479, 38.115, 38.067, 37.996, 36.684, 35.451, 33.704, 31.153, 28.641, 26.483, 24.192, 23.079, 22.367, 21.697, 21.29, 21.214, 21.22, 21.167, 21.209, 21.472, 21.526, 21.514, 21.831, 21.619, 21.856, 21.925, 22.12, 22.206, 22.442, 22.587, 22.56, 22.944, 23.02, 23.098, 23.456, 23.621, 23.914, 23.515, 24.068, 24.23, 24.335, 24.581]",FLUID_POUND
BGW-11,2026-09-21T14:13:32Z,1.2,"[0.002, 0.0014, 0.0083, 0.0137, 0.0236, 0.0396, 0.0574, 0.0721, 0.0889, 0.1205, 0.1483, 0.1762, 0.2066, 0.2425, 0.2837, 0.3258, 0.3692, 0.4101, 0.4599, 0.508, 0.5575, 0.6092, 0.6605, 0.7175, 0.7729, 0.8296, 0.8941, 0.9459, 1.0103, 1.0609, 1.1316, 1.1911, 1.2489, 1.3109, 1.3766, 1.4353, 1.4937, 1.5531, 1.613, 1.6728, 1.7336, 1.782, 1.8394, 1.8952, 1.9466, 1.9927, 2.0445, 2.0827, 2.1355, 2.1759, 2.2133, 2.2531, 2.2856, 2.3237, 2.3523, 2.3795, 2.4085, 2.4236, 2.4448, 2.4644, 2.4789, 2.4909, 2.4893, 2.4998, 2.5005, 2.5008, 2.4934, 2.4824, 2.4763, 2.4582, 2.4405, 2.4261, 2.4075, 2.3867, 2.3506, 2.3215, 2.2897, 2.2558, 2.221, 2.1788, 2.1344, 2.0906, 2.0431, 1.9931, 1.9444, 1.8878, 1.8471, 1.7871, 1.7306, 1.6745, 1.6119, 1.5542, 1.4958, 1.4387, 1.3759, 1.3079, 1.2492, 1.1881, 1.1271, 1.0706, 1.0059, 0.9438, 0.8871, 0.8311, 0.7709, 0.7161, 0.6605, 0.6119, 0.5569, 0.5093, 0.455, 0.4078, 0.3664, 0.3226, 0.2834, 0.2446, 0.2113, 0.1779, 0.1437, 0.1208, 0.092, 0.0745, 0.0585, 0.041, 0.0226, 0.0078, 0.0124, 0.0031]","[25.888, 26.595, 27.517, 28.199, 29.14, 29.665, 30.578, 31.513, 32.691, 33.901, 34.782, 35.739, 36.417, 37.499, 38.199, 38.705, 39.353, 39.445, 39.728, 40.148, 40.364, 40.768, 41.252, 41.027, 41.381, 41.14, 41.113, 41.631, 41.573, 41.473, 41.872, 41.546, 41.699, 41.696, 41.781, 41.664, 41.747, 41.7, 41.631, 41.589, 41.721, 41.683, 41.101, 41.206, 41.249, 41.101, 40.999, 41.157, 41.147, 40.922, 40.595, 40.357, 40.014, 39.774, 40.137, 39.721, 39.333, 39.13, 38.928, 39.038, 38.459, 38.159, 37.929, 37.206, 37.094, 36.76, 36.047, 35.496, 35.218, 34.451, 33.932, 33.203, 32.513, 32.031, 31.7, 30.662, 29.874, 29.405, 28.876, 28.416, 27.692, 27.245, 26.974, 26.485, 25.538, 25.502, 24.945, 24.646, 24.769, 24.035, 24.015, 24.205, 23.464, 23.586, 23.216, 23.199, 23.296, 23.039, 23.192, 22.738, 22.834, 23.078, 23.064, 23.223, 22.974, 22.761, 22.94, 22.919, 23.024, 23.334, 23.24, 23.146, 23.232, 23.382, 23.491, 23.385, 23.477, 23.789, 23.858, 23.585, 23.798, 23.841, 24.034, 23.83, 24.072, 24.208, 24.712, 25.066]",GAS_INTERFERENCE
BGW-11,2026-09-21T14:14:33Z,1.2,"[-0.0004, 0.0003, 0.0032, 0.0112, 0.0223, 0.0397, 0.0494, 0.0706, 0.097, 0.1154, 0.1526, 0.1804, 0.2118, 0.2413, 0.2806, 0.3263, 0.3685, 0.4115, 0.4576, 0.5028, 0.5518, 0.6026, 0.661, 0.7214, 0.7736, 0.8331, 0.8922, 0.9458, 1.0042, 1.068, 1.1262, 1.186, 1.2509, 1.3096, 1.3728, 1.4313, 1.4898, 1.5493, 1.612, 1.6723, 1.7307, 1.7871, 1.8403, 1.8896, 1.9469, 1.9957, 2.0422, 2.0879, 2.1351, 2.1798, 2.2199, 2.2571, 2.2852, 2.3237, 2.351, 2.3812, 2.4024, 2.4307, 2.4451, 2.4583, 2.4769, 2.487, 2.4951, 2.4999, 2.5054, 2.4999, 2.4915, 2.4895, 2.4739, 2.4621, 2.4464, 2.4219, 2.4084, 2.3772, 2.3519, 2.3257, 2.2936, 2.2514, 2.2181, 2.1748, 2.1324, 2.0883, 2.0458, 1.9989, 1.9368, 1.892, 1.8418, 1.7832, 1.7275, 1.6739, 1.6188, 1.5513, 1.4944, 1.4329, 1.3692, 1.3096, 1.2503, 1.1884, 1.129, 1.0678, 1.0031, 0.9453, 0.8824, 0.829, 0.771, 0.721, 0.6623, 0.6102, 0.5537, 0.5053, 0.4549, 0.4173, 0.367, 0.3259, 0.2818, 0.2449, 0.2097, 0.1746, 0.145, 0.1232, 0.0989, 0.0722, 0.0474, 0.0381, 0.0254, 0.0172, 0.0041, 0.001]","[25.582, 26.263, 26.752, 27.32, 27.806, 28.341, 28.598, 29.192, 29.839, 30.475, 31.551, 31.894, 32.725, 33.3, 34.024, 34.8, 35.602, 36.118, 36.535, 36.952, 37.744, 38.091, 38.556, 39.0, 39.297, 39.638, 39.871, 40.161, 40.44, 40.297, 40.458, 41.029, 41.113, 40.997, 41.29, 41.292, 41.243, 41.358, 40.991, 41.109, 40.889, 41.059, 41.043, 41.114, 41.006, 40.828, 40.918, 40.561, 40.437, 40.525, 40.428, 40.107, 40.026, 39.994, 39.779, 39.256, 39.205, 38.836, 38.704, 38.454, 38.216, 38.172, 37.246, 36.831, 36.499, 36.336, 35.792, 35.324, 34.978, 34.252, 33.484, 33.013, 32.447, 31.925, 31.216, 30.536, 29.924, 29.396, 29.05, 28.288, 27.712, 27.665, 26.925, 26.443, 26.228, 26.051, 25.172, 25.254, 24.786, 24.4, 24.329, 23.941, 23.682, 23.73, 23.811, 23.371, 23.166, 23.127, 23.401, 23.176, 23.372, 23.022, 23.04, 22.836, 23.177, 23.148, 23.31, 23.16, 23.034, 22.932, 23.187, 23.176, 23.014, 23.124, 23.303, 23.393, 23.492, 23.881, 23.352, 23.711, 23.65, 24.054, 24.188, 23.932, 24.167, 24.44, 24.47, 25.161]",GAS_INTERFERENCE
BGW-11,2026-09-21T14:15:34Z,1.2,"[-0.0018, 0.0002, 0.0087, 0.0104, 0.028, 0.0346, 0.0555, 0.0737, 0.0924, 0.1208, 0.1459, 0.179, 0.212, 0.2429, 0.2849, 0.3258, 0.3683, 0.4111, 0.4548, 0.5031, 0.5595, 0.61, 0.6582, 0.7158, 0.7683, 0.8308, 0.8837, 0.9427, 1.0122, 1.0623, 1.1219, 1.1877, 1.2489, 1.3103, 1.3761, 1.4369, 1.4956, 1.5527, 1.6072, 1.6733, 1.7291, 1.7847, 1.8355, 1.8922, 1.9484, 2.0011, 2.042, 2.0908, 2.1359, 2.1746, 2.2197, 2.2585, 2.2863, 2.329, 2.3543, 2.3856, 2.4106, 2.4293, 2.4455, 2.4629, 2.4772, 2.4904, 2.4923, 2.4997, 2.5039, 2.4944, 2.4971, 2.4862, 2.4735, 2.4624, 2.442, 2.4317, 2.4025, 2.3765, 2.3513, 2.3221, 2.2874, 2.2586, 2.2197, 2.1735, 2.1276, 2.0944, 2.0417, 1.9918, 1.95, 1.8929, 1.8362, 1.7818, 1.7341, 1.6752, 1.613, 1.5563, 1.4935, 1.4329, 1.3747, 1.312, 1.2522, 1.1913, 1.1311, 1.0622, 1.0014, 0.9458, 0.8819, 0.8289, 0.7723, 0.7162, 0.6648, 0.6036, 0.5509, 0.5068, 0.4553, 0.4107, 0.3695, 0.3259, 0.283, 0.2518, 0.2073, 0.1777, 0.144, 0.1204, 0.0959, 0.0702, 0.0581, 0.0401, 0.026, 0.0168, 0.0116, 0.0007]","[24.499, 24.823, 25.352, 25.577, 25.991, 26.643, 26.795, 27.514, 27.841, 28.758, 29.335, 30.149, 30.602, 31.744, 32.408, 33.132, 33.929, 34.782, 35.412, 36.088, 36.647, 36.945, 37.626, 37.978, 38.344, 38.585, 38.811, 38.81, 39.11, 39.047, 39.173, 39.397, 39.512, 39.49, 39.743, 39.608, 39.614, 39.463, 39.293, 39.508, 39.183, 39.449, 39.161, 39.349, 39.25, 39.154, 39.158, 39.072, 38.744, 38.913, 38.732, 38.557, 38.519, 38.262, 38.323, 38.134, 37.837, 37.434, 37.391, 37.174, 36.979, 36.755, 36.381, 36.282, 35.822, 35.059, 34.816, 34.626, 34.029, 33.498, 32.783, 32.258, 31.815, 31.21, 30.253, 30.1, 29.534, 28.847, 28.029, 27.745, 27.201, 26.549, 26.275, 25.348, 25.528, 25.148, 24.659, 24.499, 24.251, 23.964, 24.043, 23.881, 23.4, 23.471, 23.472, 23.467, 23.218, 23.188, 23.257, 23.311, 23.046, 22.778, 22.879, 23.069, 23.001, 22.752, 22.934, 23.229, 23.06, 22.949, 23.317, 23.145, 23.075, 23.238, 23.456, 23.359, 23.405, 23.581, 23.807, 23.728, 23.914, 23.816, 23.788, 24.165, 24.127, 24.12, 24.235, 24.798]",GAS_INTERFERENCE
