well_id,cycle,failure_date_day,failure_mode,downtime_days
WELL-001,5,1123,worn_barrel,5
WELL-003,6,1493,rod_part,10
WELL-004,1,283,rod_part,10
WELL-004,6,1627,worn_barrel,10
WELL-004,8,1955,rod_part,6
WELL-004,8,2041,rod_part,10
WELL-004,8,2094,rod_part,8
WELL-004,10,2402,pump_unset,5
WELL-005,5,805,rod_part,11
WELL-006,7,1537,pump_unset,8
WELL-007,7,1612,pump_unset,8
WELL-008,3,528,rod_part,9
WELL-008,8,1530,rod_part,8
WELL-010,4,967,pump_unset,9
WELL-010,5,1145,rod_part,4
WELL-010,5,1252,rod_part,10
WELL-010,5,1296,rod_part,6
WELL-010,10,2292,rod_part,5
WELL-011,3,593,rod_part,7
WELL-011,3,667,rod_part,10
WELL-012,3,616,pump_unset,11
WELL-012,5,1052,rod_part,11
WELL-012,5,1107,rod_part,10
WELL-012,5,1154,rod_part,12
WELL-012,8,1898,rod_part,4
WELL-014,2,513,rod_part,8
WELL-015,1,241,rod_part,9
WELL-015,1,275,rod_part,5
WELL-015,1,309,rod_part,6
WELL-016,1,199,pump_unset,8
WELL-016,4,783,pump_unset,7
WELL-016,10,2169,worn_barrel,9
WELL-017,2,409,rod_part,12
WELL-017,3,636,rod_part,8
WELL-017,3,669,rod_part,10
WELL-017,10,2328,pump_unset,7
WELL-018,8,1692,pump_unset,5
WELL-018,10,2056,rod_part,10
WELL-019,3,723,rod_part,4
WELL-020,2,492,rod_part,12
WELL-020,2,536,rod_part,8
WELL-020,10,2552,rod_part,9
WELL-021,1,192,pump_unset,5
WELL-021,2,434,rod_part,8
WELL-021,6,1595,pump_unset,4
WELL-022,3,607,worn_barrel,10
WELL-022,7,1621,worn_barrel,9
WELL-023,4,1016,worn_barrel,5
WELL-023,4,1178,worn_barrel,12
WELL-023,8,2175,rod_part,11
WELL-024,1,224,rod_part,7
WELL-024,1,306,rod_part,6
WELL-024,2,559,rod_part,8
WELL-026,5,1084,rod_part,10
WELL-026,5,1270,rod_part,4
WELL-027,4,937,rod_part,7
WELL-028,1,194,rod_part,11
WELL-028,8,1805,rod_part,5
WELL-028,9,2177,pump_unset,4
WELL-029,6,1374,rod_part,9
WELL-031,2,342,pump_unset,7
WELL-031,2,385,rod_part,4
WELL-031,3,639,rod_part,10
WELL-031,4,969,rod_part,7
WELL-031,6,1428,rod_part,8
WELL-032,2,498,rod_part,8
WELL-032,4,1065,pump_unset,8
WELL-032,4,1115,rod_part,6
WELL-032,6,1620,pump_unset,8
WELL-033,6,1457,rod_part,9
WELL-034,2,366,rod_part,9
WELL-034,5,914,rod_part,8
WELL-035,1,185,pump_unset,9
WELL-035,4,828,rod_part,11
WELL-035,8,1724,pump_unset,12
WELL-036,9,1869,pump_unset,11
WELL-038,1,183,rod_part,5
WELL-038,1,234,rod_part,9
WELL-038,2,502,rod_part,5
WELL-038,3,792,rod_part,10
WELL-038,4,1026,rod_part,11
WELL-038,6,1664,rod_part,10
WELL-040,1,221,pump_unset,9
WELL-040,1,272,rod_part,4
WELL-040,1,323,rod_part,5
WELL-040,8,2031,pump_unset,6
WELL-041,7,1811,pump_unset,12
WELL-041,9,2249,pump_unset,5
WELL-042,4,799,rod_part,6
WELL-042,6,1278,worn_barrel,7
WELL-043,10,2458,pump_unset,10
WELL-045,3,691,pump_unset,7
WELL-047,2,419,rod_part,11
WELL-047,2,492,rod_part,11
WELL-047,2,535,rod_part,7
WELL-047,7,1798,rod_part,5
WELL-049,2,370,rod_part,9
WELL-049,5,983,rod_part,7
WELL-050,1,230,rod_part,10
WELL-051,1,198,pump_unset,5
WELL-051,7,1550,rod_part,8
WELL-051,9,2021,rod_part,11
WELL-052,6,1023,rod_part,6
WELL-052,9,1759,pump_unset,7
WELL-053,7,1696,worn_barrel,9
WELL-054,3,652,pump_unset,12
WELL-054,5,1149,rod_part,9
WELL-055,1,222,worn_barrel,12
WELL-055,1,287,rod_part,11
WELL-055,7,1441,pump_unset,10
WELL-056,7,1731,worn_barrel,4
WELL-057,2,436,rod_part,7
WELL-058,1,189,rod_part,6
WELL-058,1,242,rod_part,6
WELL-058,2,471,rod_part,12
WELL-058,2,539,rod_part,6
WELL-058,7,1776,rod_part,8
WELL-058,7,1882,rod_part,4
WELL-059,5,1114,rod_part,7
WELL-059,6,1253,rod_part,9
WELL-059,7,1604,rod_part,4
WELL-059,8,1795,rod_part,5
WELL-059,9,2058,pump_unset,4
WELL-060,3,699,pump_unset,12
WELL-060,6,1373,rod_part,9
WELL-061,1,160,rod_part,12
WELL-061,2,413,rod_part,10
WELL-061,2,504,rod_part,6
WELL-061,5,1230,rod_part,10
WELL-062,3,768,pump_unset,7
WELL-062,3,834,rod_part,5
WELL-062,3,867,worn_barrel,12
WELL-062,9,2313,pump_unset,8
WELL-063,8,1706,rod_part,6
WELL-065,1,231,rod_part,7
WELL-065,3,676,rod_part,10
WELL-065,10,2246,rod_part,8
WELL-066,3,713,worn_barrel,11
WELL-066,4,923,pump_unset,4
WELL-066,4,1011,rod_part,11
WELL-066,6,1508,pump_unset,10
WELL-068,1,274,rod_part,12
WELL-069,9,2150,rod_part,6
WELL-070,5,1080,worn_barrel,11
WELL-071,2,493,rod_part,12
WELL-072,10,2421,pump_unset,8
WELL-074,4,954,rod_part,6
WELL-075,2,373,rod_part,9
WELL-075,3,708,rod_part,9
WELL-075,4,1010,rod_part,11
WELL-076,6,1276,pump_unset,11
WELL-077,4,897,rod_part,9
WELL-078,1,233,rod_part,6
WELL-078,5,916,pump_unset,10
WELL-078,5,984,rod_part,11
WELL-078,7,1411,rod_part,11
WELL-078,10,2142,pump_unset,4
WELL-078,10,2193,rod_part,6
WELL-079,4,920,worn_barrel,8
WELL-080,8,1955,worn_barrel,5
WELL-080,8,2057,rod_part,5
WELL-080,10,2599,pump_unset,12
WELL-081,7,1517,rod_part,12
WELL-082,1,217,rod_part,4
WELL-082,7,1545,pump_unset,11
WELL-082,10,2312,rod_part,8
WELL-083,6,1133,pump_unset,8
WELL-084,1,251,rod_part,6
WELL-084,5,1293,pump_unset,7
WELL-084,5,1342,rod_part,6
WELL-084,10,2531,worn_barrel,10
WELL-085,2,321,worn_barrel,6
WELL-086,6,1200,rod_part,11
WELL-087,1,202,rod_part,7
WELL-087,7,1414,rod_part,11
WELL-087,8,1754,rod_part,10
WELL-088,3,566,worn_barrel,9
WELL-088,3,626,rod_part,4
WELL-088,3,666,rod_part,12
WELL-088,8,1882,rod_part,6
WELL-089,7,1641,pump_unset,12
WELL-090,1,272,rod_part,4
WELL-090,5,1210,rod_part,6
WELL-090,7,1705,rod_part,11
WELL-092,3,711,pump_unset,4
WELL-092,3,779,rod_part,7
WELL-092,6,1403,rod_part,4
WELL-092,7,1724,pump_unset,11
WELL-093,8,1814,pump_unset,4
WELL-094,1,269,rod_part,6
WELL-094,5,1111,rod_part,10
WELL-095,4,761,rod_part,11
WELL-095,7,1550,pump_unset,11
WELL-096,2,429,rod_part,4
WELL-096,7,1691,pump_unset,7
WELL-097,2,436,rod_part,5
WELL-097,6,1283,worn_barrel,12
WELL-098,10,2183,worn_barrel,9
WELL-099,7,1280,pump_unset,10
WELL-099,7,1397,rod_part,9
WELL-101,6,1507,rod_part,6
WELL-103,2,346,rod_part,6
WELL-103,2,409,rod_part,6
WELL-103,3,569,worn_barrel,11
WELL-103,10,2132,worn_barrel,8
WELL-104,4,908,rod_part,6
WELL-104,7,1533,rod_part,8
WELL-104,9,2132,pump_unset,11
WELL-105,4,708,rod_part,6
WELL-105,10,2041,pump_unset,11
WELL-106,2,336,pump_unset,6
WELL-106,4,850,rod_part,6
WELL-106,4,886,rod_part,8
WELL-106,8,1818,pump_unset,8
WELL-107,4,875,rod_part,4
WELL-107,6,1358,rod_part,7
WELL-107,7,1635,pump_unset,12
WELL-107,8,1903,rod_part,7
WELL-107,10,2458,pump_unset,7
WELL-108,2,462,rod_part,7
WELL-108,2,524,rod_part,12
WELL-108,4,956,rod_part,11
WELL-109,9,1935,pump_unset,5
WELL-110,7,1682,worn_barrel,5
WELL-112,5,1052,rod_part,9
WELL-112,5,1166,rod_part,10
WELL-112,7,1634,pump_unset,5
WELL-113,5,1150,pump_unset,8
WELL-113,7,1657,rod_part,5
WELL-114,2,525,pump_unset,5
WELL-114,6,1300,rod_part,8
WELL-114,7,1538,pump_unset,7
WELL-115,10,2089,worn_barrel,7
WELL-116,3,751,pump_unset,4
WELL-116,4,1020,pump_unset,9
WELL-117,1,162,rod_part,8
WELL-117,1,208,rod_part,10
WELL-118,3,562,rod_part,8
WELL-118,3,595,rod_part,11
WELL-118,4,746,rod_part,10
WELL-118,7,1609,rod_part,7
WELL-119,4,1050,rod_part,6
WELL-119,10,2338,worn_barrel,12
WELL-120,2,451,rod_part,8
WELL-120,2,539,rod_part,10
WELL-121,9,1548,pump_unset,10
WELL-122,5,1095,pump_unset,5
WELL-123,4,905,rod_part,4
WELL-124,9,1853,worn_barrel,8
WELL-126,1,162,rod_part,10
WELL-126,1,244,rod_part,12
WELL-126,3,774,rod_part,6
WELL-126,5,1210,rod_part,6
WELL-127,7,1534,worn_barrel,4
WELL-128,3,500,rod_part,8
WELL-128,3,535,rod_part,10
WELL-128,4,755,rod_part,12
WELL-128,4,827,rod_part,7
WELL-128,6,1269,rod_part,6
WELL-129,2,535,pump_unset,11
WELL-130,3,641,pump_unset,8
WELL-130,7,1430,rod_part,8
WELL-131,1,197,rod_part,4
WELL-131,6,1363,pump_unset,12
WELL-132,2,312,rod_part,5
WELL-132,2,382,rod_part,8
WELL-132,3,491,rod_part,7
WELL-132,4,863,pump_unset,10
WELL-133,3,503,worn_barrel,5
WELL-133,3,562,rod_part,11
WELL-134,1,209,rod_part,4
WELL-134,3,768,worn_barrel,12
WELL-134,3,867,rod_part,10
WELL-136,3,627,rod_part,9
WELL-136,3,678,rod_part,5
WELL-136,4,828,rod_part,8
WELL-136,7,1538,rod_part,6
WELL-137,4,718,pump_unset,6
WELL-137,4,762,rod_part,11
WELL-138,10,2044,rod_part,9
WELL-139,6,1522,worn_barrel,11
WELL-139,8,1990,pump_unset,8
WELL-140,4,943,rod_part,5
WELL-141,2,382,rod_part,8
WELL-142,9,2116,pump_unset,4
WELL-143,6,1260,pump_unset,10
WELL-143,6,1390,pump_unset,7
WELL-144,6,1223,pump_unset,9
WELL-146,9,1968,pump_unset,5
WELL-147,1,195,worn_barrel,11
WELL-147,2,425,rod_part,9
WELL-147,6,1428,pump_unset,4
WELL-147,10,2294,rod_part,8
WELL-147,10,2386,rod_part,6
WELL-148,10,1968,worn_barrel,8
WELL-149,7,1488,rod_part,6
WELL-150,3,619,worn_barrel,12
WELL-151,5,1172,pump_unset,5
WELL-151,8,1755,pump_unset,12
WELL-151,9,2081,worn_barrel,11
WELL-152,2,445,rod_part,9
WELL-152,6,1410,rod_part,9
WELL-154,2,354,rod_part,4
WELL-155,3,616,rod_part,8
WELL-155,3,716,rod_part,5
WELL-156,1,243,rod_part,6
WELL-156,3,772,rod_part,11
WELL-157,9,1889,rod_part,8
WELL-159,5,1053,rod_part,6
WELL-159,6,1298,pump_unset,5
WELL-159,7,1616,rod_part,11
WELL-160,3,573,rod_part,4
WELL-160,6,1180,pump_unset,8
WELL-160,6,1274,rod_part,8
WELL-160,7,1569,rod_part,4
WELL-160,9,1999,rod_part,9
WELL-161,7,1474,pump_unset,5
WELL-163,3,622,rod_part,11
WELL-163,3,720,rod_part,6
WELL-163,4,985,rod_part,12
WELL-163,8,2071,pump_unset,10
WELL-164,7,1394,worn_barrel,8
WELL-164,7,1627,rod_part,11
WELL-165,1,216,rod_part,10
WELL-165,1,270,rod_part,5
WELL-165,10,2281,pump_unset,12
WELL-166,5,1070,worn_barrel,4
WELL-166,5,1187,rod_part,9
WELL-166,6,1353,rod_part,7
WELL-166,8,1970,pump_unset,12
WELL-166,9,2246,worn_barrel,6
WELL-167,10,2126,pump_unset,6
WELL-168,3,727,rod_part,4
WELL-169,6,1346,pump_unset,11
WELL-170,1,219,rod_part,10
WELL-170,5,1130,rod_part,11
WELL-170,7,1541,pump_unset,6
WELL-171,1,206,rod_part,11
WELL-171,1,256,rod_part,11
WELL-171,1,291,rod_part,12
WELL-172,3,477,rod_part,9
WELL-172,5,1129,pump_unset,7
WELL-173,6,1392,worn_barrel,5
WELL-174,8,1853,pump_unset,10
WELL-175,3,687,pump_unset,7
WELL-175,3,747,rod_part,8
WELL-176,4,985,rod_part,5
WELL-176,5,1204,pump_unset,6
WELL-177,7,1359,pump_unset,4
WELL-177,7,1428,rod_part,8
WELL-177,10,2142,pump_unset,11
WELL-178,2,414,pump_unset,5
WELL-178,2,440,rod_part,11
WELL-178,2,465,rod_part,11
WELL-178,5,1202,pump_unset,6
WELL-178,8,2004,rod_part,11
WELL-178,10,2545,rod_part,10
WELL-179,1,182,rod_part,4
WELL-179,1,222,rod_part,9
WELL-179,3,664,rod_part,10
WELL-179,8,1783,rod_part,8
WELL-180,2,433,rod_part,12
WELL-180,2,468,rod_part,6
WELL-180,4,1028,rod_part,7
WELL-180,10,2581,pump_unset,5
WELL-181,5,1047,pump_unset,9
WELL-181,5,1200,rod_part,7
WELL-181,6,1458,pump_unset,10
WELL-181,7,1689,rod_part,9
WELL-182,3,654,rod_part,8
WELL-182,7,1673,rod_part,6
WELL-183,5,1033,rod_part,5
WELL-183,10,2258,pump_unset,12
WELL-184,3,619,rod_part,11
WELL-184,4,933,rod_part,12
WELL-184,5,1239,rod_part,11
WELL-185,2,504,pump_unset,4
WELL-185,3,801,rod_part,6
WELL-185,8,1881,rod_part,9
WELL-187,2,299,pump_unset,9
WELL-187,4,943,rod_part,12
WELL-187,9,2285,pump_unset,5
WELL-188,9,2036,pump_unset,4
WELL-189,6,1388,rod_part,9
WELL-189,7,1472,rod_part,12
WELL-190,7,1472,pump_unset,7
WELL-191,1,168,rod_part,4
WELL-191,6,1031,pump_unset,11
WELL-191,6,1090,worn_barrel,8
WELL-191,6,1174,rod_part,10
WELL-192,7,1428,rod_part,9
WELL-192,9,2008,pump_unset,5
WELL-193,1,215,rod_part,4
WELL-193,3,751,rod_part,4
WELL-193,3,810,rod_part,10
WELL-195,2,560,pump_unset,12
WELL-195,5,1456,rod_part,9
WELL-195,5,1518,rod_part,6
WELL-196,5,984,pump_unset,9
WELL-198,4,885,pump_unset,5
WELL-198,8,1640,rod_part,9
WELL-199,1,167,rod_part,11
WELL-199,7,1482,rod_part,4
WELL-200,2,370,worn_barrel,8
WELL-200,8,1604,rod_part,4
WELL-200,8,1812,pump_unset,7
WELL-201,6,1367,worn_barrel,5
WELL-201,10,2412,pump_unset,5
WELL-202,4,753,rod_part,11
WELL-202,7,1477,worn_barrel,8
WELL-202,9,1996,rod_part,7
WELL-203,1,154,rod_part,7
WELL-203,3,507,rod_part,4
WELL-203,4,768,rod_part,10
WELL-203,9,1860,rod_part,4
WELL-204,2,407,rod_part,5
WELL-205,2,392,rod_part,4
WELL-205,2,431,rod_part,4
WELL-206,7,1337,rod_part,9
WELL-206,8,1580,pump_unset,11
WELL-206,8,1662,pump_unset,5
WELL-207,6,1517,worn_barrel,8
WELL-208,1,208,rod_part,7
WELL-208,2,463,rod_part,7
WELL-208,6,1355,rod_part,7
WELL-209,2,423,rod_part,8
WELL-209,2,458,rod_part,12
WELL-209,8,1877,worn_barrel,4
WELL-209,8,2001,rod_part,6
WELL-210,6,1122,pump_unset,4
WELL-210,6,1247,rod_part,4
WELL-211,9,1857,pump_unset,4
WELL-212,2,489,pump_unset,4
WELL-212,2,526,rod_part,4
WELL-212,4,956,rod_part,8
WELL-212,4,1005,rod_part,4
WELL-212,6,1444,pump_unset,10
WELL-212,9,2313,rod_part,10
WELL-213,4,781,rod_part,10
WELL-213,6,1318,pump_unset,9
WELL-213,7,1501,worn_barrel,9
WELL-213,10,2178,pump_unset,11
WELL-214,3,656,rod_part,8
WELL-215,9,2054,pump_unset,11
WELL-216,4,848,pump_unset,11
WELL-216,4,898,rod_part,10
WELL-216,6,1413,rod_part,4
WELL-217,7,1222,rod_part,11
WELL-218,9,1965,rod_part,11
WELL-218,10,2441,pump_unset,9
WELL-219,2,362,rod_part,8
WELL-219,3,798,pump_unset,11
WELL-220,5,1174,rod_part,10
WELL-221,1,190,pump_unset,6
WELL-221,1,242,rod_part,4
WELL-221,1,287,rod_part,5
WELL-221,9,2075,pump_unset,11
WELL-222,3,712,rod_part,10
WELL-222,6,1429,pump_unset,12
WELL-223,7,1586,pump_unset,4
WELL-224,7,1640,rod_part,8
WELL-224,8,1910,pump_unset,11
WELL-225,1,210,rod_part,8
WELL-225,3,646,rod_part,8
WELL-225,3,707,rod_part,12
WELL-226,4,907,rod_part,12
WELL-227,5,1335,worn_barrel,12
WELL-227,9,2278,rod_part,7
WELL-228,2,338,rod_part,5
WELL-228,10,1816,rod_part,9
WELL-230,10,1965,pump_unset,9
WELL-231,8,1680,rod_part,7
WELL-232,2,499,rod_part,11
WELL-232,7,1552,rod_part,8
WELL-233,4,805,pump_unset,7
WELL-234,1,133,rod_part,6
WELL-234,1,188,rod_part,5
WELL-234,1,242,rod_part,10
WELL-234,2,443,pump_unset,6
WELL-234,2,492,rod_part,7
WELL-234,2,535,rod_part,5
WELL-235,1,247,rod_part,10
WELL-235,1,313,rod_part,4
WELL-235,4,925,rod_part,11
WELL-235,6,1294,worn_barrel,10
WELL-237,5,1143,rod_part,12
WELL-237,7,1687,pump_unset,10
WELL-237,10,2533,rod_part,4
WELL-238,1,290,rod_part,12
WELL-238,7,1750,pump_unset,5
WELL-239,8,1780,rod_part,7
WELL-240,2,439,rod_part,5
WELL-240,5,1137,rod_part,7
WELL-240,10,2241,pump_unset,11
WELL-241,9,2171,worn_barrel,11
WELL-242,7,1329,rod_part,9
WELL-242,9,1922,pump_unset,5
WELL-243,2,466,rod_part,8
WELL-243,9,2386,rod_part,12
WELL-244,10,2110,pump_unset,9
WELL-245,4,959,pump_unset,5
WELL-245,8,1882,worn_barrel,12
WELL-246,6,1316,rod_part,9
WELL-247,4,1000,rod_part,6
WELL-247,7,1785,pump_unset,8
WELL-247,9,2166,pump_unset,4
WELL-248,9,2131,pump_unset,8
WELL-249,3,617,rod_part,5
WELL-249,6,1455,rod_part,4
WELL-250,2,515,pump_unset,7
WELL-250,5,1109,pump_unset,8
WELL-250,5,1179,pump_unset,9
WELL-251,2,347,rod_part,12
WELL-251,3,494,rod_part,7
WELL-251,6,1463,rod_part,4
WELL-251,10,2455,pump_unset,4
WELL-252,4,833,worn_barrel,6
WELL-252,7,1604,rod_part,8
WELL-253,4,888,rod_part,9
WELL-253,6,1321,pump_unset,6
WELL-253,6,1371,rod_part,7
WELL-253,8,1854,rod_part,4
WELL-254,2,420,pump_unset,12
WELL-254,8,1833,pump_unset,12
WELL-255,3,496,rod_part,7
WELL-255,3,540,rod_part,6
WELL-255,3,588,rod_part,8
WELL-255,5,1074,rod_part,11
WELL-255,6,1350,rod_part,10
WELL-256,3,553,rod_part,11
WELL-256,3,688,rod_part,12
WELL-256,6,1406,rod_part,5
WELL-256,10,2529,pump_unset,8
WELL-257,3,851,worn_barrel,6
WELL-257,10,2387,worn_barrel,7
WELL-258,4,813,rod_part,8
WELL-258,8,1822,pump_unset,6
WELL-259,8,1816,pump_unset,12
WELL-260,1,166,worn_barrel,4
WELL-260,5,1159,worn_barrel,8
WELL-261,7,1303,pump_unset,11
WELL-262,2,450,rod_part,9
WELL-262,4,938,worn_barrel,12
WELL-262,8,1884,pump_unset,11
WELL-263,3,601,rod_part,7
WELL-263,3,647,rod_part,9
WELL-263,8,1746,rod_part,12
WELL-263,9,1940,worn_barrel,8
WELL-264,1,203,rod_part,10
WELL-264,1,244,rod_part,7
WELL-264,1,286,rod_part,12
WELL-264,7,1666,worn_barrel,9
WELL-265,3,663,pump_unset,11
WELL-265,5,1186,pump_unset,6
WELL-266,4,949,rod_part,4
WELL-267,3,612,rod_part,5
WELL-269,9,2022,worn_barrel,9
WELL-270,2,353,rod_part,4
WELL-270,2,424,rod_part,8
WELL-270,4,886,rod_part,7
WELL-270,5,1096,rod_part,6
WELL-270,5,1176,rod_part,6
WELL-270,6,1374,rod_part,8
WELL-270,9,2073,rod_part,4
WELL-271,1,199,rod_part,12
WELL-271,1,253,rod_part,5
WELL-271,3,613,rod_part,5
WELL-271,5,1108,pump_unset,5
WELL-271,6,1330,rod_part,7
WELL-271,6,1427,rod_part,8
WELL-272,10,2266,rod_part,9
WELL-273,3,537,worn_barrel,7
WELL-273,3,619,rod_part,4
WELL-273,5,1168,rod_part,12
WELL-274,2,504,pump_unset,4
WELL-274,3,776,worn_barrel,12
WELL-274,3,829,rod_part,9
WELL-275,5,864,pump_unset,12
WELL-275,8,1620,pump_unset,5
WELL-277,7,1526,rod_part,11
WELL-278,8,1855,pump_unset,10
WELL-279,4,926,rod_part,7
WELL-279,4,992,rod_part,5
WELL-280,6,1381,pump_unset,8
WELL-285,4,824,rod_part,4
WELL-285,5,1180,rod_part,6
WELL-286,4,926,worn_barrel,9
WELL-286,4,990,rod_part,5
WELL-287,4,1027,rod_part,7
WELL-288,2,530,pump_unset,4
WELL-288,3,701,rod_part,4
WELL-288,8,1801,worn_barrel,11
WELL-289,5,818,rod_part,8
WELL-289,5,911,pump_unset,4
WELL-289,8,1702,pump_unset,7
WELL-290,10,2203,pump_unset,7
WELL-291,7,1513,worn_barrel,9
WELL-292,2,367,worn_barrel,10
WELL-292,4,837,rod_part,7
WELL-293,4,644,rod_part,4
WELL-293,4,882,pump_unset,6
WELL-293,7,1535,pump_unset,10
WELL-294,8,1637,worn_barrel,11
WELL-295,8,1795,rod_part,12
WELL-296,6,1226,pump_unset,6
WELL-296,8,1815,rod_part,6
WELL-297,6,1266,pump_unset,5
WELL-298,4,841,pump_unset,4
WELL-298,7,1651,pump_unset,11
WELL-298,9,2136,pump_unset,7
WELL-299,5,1125,rod_part,8
WELL-299,6,1430,pump_unset,11
WELL-300,9,2031,pump_unset,7
